company,ticker,period,revenue_cny_m,net_income_cny_m,revenue_usd_m,net_income_usd_m
JinkoSolar,SHA:688223,2022-Q1,14681,401,2171.7,59.3
JinkoSolar,SHA:688223,2022-Q2,18726,504,2770.1,74.6
JinkoSolar,SHA:688223,2022-Q3,19364,771,2864.5,114.1
JinkoSolar,SHA:688223,2022-Q4,29904,1263,4423.7,186.8
JinkoSolar,SHA:688223,2023-Q1,23153,1658,3265.6,233.9
JinkoSolar,SHA:688223,2023-Q2,30472,2185,4297.9,308.2
JinkoSolar,SHA:688223,2023-Q3,31472,2511,4438.9,354.2
JinkoSolar,SHA:688223,2023-Q4,33585,1086,4737.0,153.2
JinkoSolar,SHA:688223,2024-Q1,23084,1176,3210.6,163.6
JinkoSolar,SHA:688223,2024-Q2,24168,24,3361.3,3.3
JinkoSolar,SHA:688223,2024-Q3,24519,15,3410.2,2.1
JinkoSolar,SHA:688223,2024-Q4,20701,-1116,2879.1,-155.2
JinkoSolar,SHA:688223,2025-Q1,13843,-1390,1928.0,-193.6
JinkoSolar,SHA:688223,2025-Q2,17988,-1519,2505.3,-211.6
JinkoSolar,SHA:688223,2025-Q3,16155,-1012,2250.0,-140.9
JinkoSolar,SHA:688223,2025-Q4,17506,-2961,2438.2,-412.4
JinkoSolar,SHA:688223,2026-Q1,12248,-1350,1713.0,-188.8
LONGi,SHA:601012,2022-Q1,18587,2664,2749.6,394.1
LONGi,SHA:601012,2022-Q2,31782,3817,4701.5,564.6
LONGi,SHA:601012,2022-Q3,36322,4495,5373.1,664.9
LONGi,SHA:601012,2022-Q4,42307,3836,6258.4,567.5
LONGi,SHA:601012,2023-Q1,28319,3637,3994.2,513.0
LONGi,SHA:601012,2023-Q2,36334,5541,5124.7,781.5
LONGi,SHA:601012,2023-Q3,29448,2515,4153.5,354.7
LONGi,SHA:601012,2023-Q4,35398,-942,4992.7,-132.9
LONGi,SHA:601012,2024-Q1,17674,-2350,2458.1,-326.8
LONGi,SHA:601012,2024-Q2,20855,-2880,2900.6,-400.6
LONGi,SHA:601012,2024-Q3,20064,-1255,2790.5,-174.5
LONGi,SHA:601012,2024-Q4,23990,-2107,3336.6,-293.0
LONGi,SHA:601012,2025-Q1,13652,-1431,1901.4,-199.3
LONGi,SHA:601012,2025-Q2,19161,-1133,2668.7,-157.8
LONGi,SHA:601012,2025-Q3,18101,-834,2521.0,-116.2
LONGi,SHA:601012,2025-Q4,19432,-3016,2706.4,-420.1
LONGi,SHA:601012,2026-Q1,11192,-1920,1565.3,-268.5
Trina Solar,SHA:688599,2022-Q1,15273,543,2259.3,80.3
Trina Solar,SHA:688599,2022-Q2,19995,726,2957.8,107.4
Trina Solar,SHA:688599,2022-Q3,22931,1133,3392.2,167.6
Trina Solar,SHA:688599,2022-Q4,25367,1279,3752.5,189.2
Trina Solar,SHA:688599,2023-Q1,21319,1768,3006.9,249.4
Trina Solar,SHA:688599,2023-Q2,27080,1772,3819.5,249.9
Trina Solar,SHA:688599,2023-Q3,32720,1537,4615.0,216.8
Trina Solar,SHA:688599,2023-Q4,30144,450,4251.6,63.5
Trina Solar,SHA:688599,2024-Q1,18256,516,2539.1,71.8
Trina Solar,SHA:688599,2024-Q2,24178,10,3362.7,1.4
Trina Solar,SHA:688599,2024-Q3,20714,-1373,2880.9,-191.0
Trina Solar,SHA:688599,2024-Q4,15666,-2565,2178.9,-356.7
Trina Solar,SHA:688599,2025-Q1,14335,-1320,1996.5,-183.8
Trina Solar,SHA:688599,2025-Q2,16721,-1598,2328.8,-222.6
Trina Solar,SHA:688599,2025-Q3,18914,-1283,2634.3,-178.7
Trina Solar,SHA:688599,2025-Q4,17004,-2830,2368.2,-394.2
Trina Solar,SHA:688599,2026-Q1,16830,-283,2353.8,-39.6
JA Solar,SHE:002459,2022-Q1,12321,750,1822.6,110.9
JA Solar,SHE:002459,2022-Q2,16148,952,2388.8,140.8
JA Solar,SHE:002459,2022-Q3,20855,1588,3085.1,234.9
JA Solar,SHE:002459,2022-Q4,23666,2244,3500.9,332.0
JA Solar,SHE:002459,2023-Q1,20480,2582,2888.6,364.2
JA Solar,SHE:002459,2023-Q2,20362,2231,2871.9,314.7
JA Solar,SHE:002459,2023-Q3,19138,1951,2699.3,275.2
JA Solar,SHE:002459,2023-Q4,21575,275,3043.0,38.8
JA Solar,SHE:002459,2024-Q1,15971,-483,2221.3,-67.2
JA Solar,SHE:002459,2024-Q2,21385,-391,2974.3,-54.4
JA Solar,SHE:002459,2024-Q3,16991,390,2363.1,54.2
JA Solar,SHE:002459,2024-Q4,15773,-4172,2193.7,-580.3
JA Solar,SHE:002459,2025-Q1,10672,-1638,1486.4,-228.1
JA Solar,SHE:002459,2025-Q2,13232,-942,1842.9,-131.2
JA Solar,SHE:002459,2025-Q3,12904,-973,1797.2,-135.5
JA Solar,SHE:002459,2025-Q4,12320,-1055,1715.9,-146.9
JA Solar,SHE:002459,2026-Q1,9216,-1067,1289.0,-149.2
Combined (4 makers),,2022-Q1,60862,4358,9003.3,644.7
Combined (4 makers),,2022-Q2,86651,5999,12818.2,887.4
Combined (4 makers),,2022-Q3,99472,7987,14714.8,1181.5
Combined (4 makers),,2022-Q4,121244,8622,17935.5,1275.4
Combined (4 makers),,2023-Q1,93271,9645,13155.3,1360.4
Combined (4 makers),,2023-Q2,114248,11729,16114.0,1654.3
Combined (4 makers),,2023-Q3,112778,8514,15906.6,1200.8
Combined (4 makers),,2023-Q4,120702,869,17024.3,122.6
Combined (4 makers),,2024-Q1,74985,-1141,10429.1,-158.7
Combined (4 makers),,2024-Q2,90586,-3237,12598.9,-450.2
Combined (4 makers),,2024-Q3,82288,-2223,11444.8,-309.2
Combined (4 makers),,2024-Q4,76130,-9960,10588.3,-1385.3
Combined (4 makers),,2025-Q1,52502,-5779,7312.3,-804.9
Combined (4 makers),,2025-Q2,67102,-5192,9345.7,-723.1
Combined (4 makers),,2025-Q3,66074,-4102,9202.5,-571.3
Combined (4 makers),,2025-Q4,66262,-9862,9228.7,-1373.5
Combined (4 makers),,2026-Q1,49486,-4620,6921.1,-646.2
