event_id,date,date_precision,jurisdiction,program_id,category,title,description,source_id,location,quote
e-e115a63452,1863,year,USA,usa-fca-qui-tam,launch,False Claims Act enacted ('Lincoln Law'),Congress passed the False Claims Act during the Civil War against fraud by defence contractors; it lets private citizens sue on the government's behalf (qui tam) and share in the recovery.,usa-doj-fca-page-2026,"main text, para 1",a federal statute originally enacted in 1863 in response to defense contractor fraud during the American Civil War
e-93c912425d,1863-03-02,day,USA,usa-fca-qui-tam,launch,False Claims Act enacted (Civil War),"Act of March 2, 1863 (12 Stat. 696) let any person sue in the name of the United States to recover penalties for frauds on the government; the relator received half of the recovery.",usa-crs-r40785-2021,p. 6 (PDF p. 10),"The False Claims Act originated as the Act of March 2, 1863."
e-b8ffce0426,1867,year,USA,usa-irs-wbo,legal,Original informant-reward law,The authority now in section 7623(a) originates in an 1867 law allowing the Treasury to pay sums for detecting and punishing tax violators.,usa-irs-wbo-first-report-2008,"printed p. 1 (PDF p. 3), Prior Law and Policy",What is now section 7623(a) ... of the Internal Revenue Code (IRC) has its origins in legislation enacted in 1867.
e-bef7626461,1943-12-23,day,USA,usa-fca-qui-tam,rule_change,1943 amendments curtail qui tam,"After the Attorney General sought repeal, Congress instead cut relator shares (max 25%, or 10% if the government took the case), required relators to hand over their evidence, gave the government 60 days to intervene, and barred suits based on information already in government hands (Pub. L. 78-213, 57 Stat. 608).",usa-crs-r40785-2021,p. 8 (PDF p. 12),The two Houses ultimately reached agreement and passed the compromise as Public Law 78-213.
e-1cf0211833,1984-10-12,day,USA,usa-fincen-aml-wb,launch,BSA informant rewards enacted,"31 U.S.C. 5323 'Rewards for informants' lets Treasury pay up to 25 percent (max $150,000) for information leading to BSA recoveries over $50,000.",usa-uscode-31usc5323-2018,"31 U.S.C. 5323, credits","(Added Pub. L. 98–473, title II, §901(e), Oct. 12, 1984, 98 Stat. 2135.)"
e-54c7fea858,1986-10-27,day,USA,usa-fca-qui-tam,rule_change,False Claims Amendments Act of 1986,The 1986 amendments revived qui tam suits: a relator gets 15-25% of the proceeds when the government takes over the case and 25-30% when the relator goes it alone.,usa-congress-pl99-562-1986,100 Stat. 3156 (PDF p. 4),receive at least 15 percent but not more than 25 percent of the proceeds of the action or settlement of the claim
e-4b6012cebe,1986-10-27,day,USA,usa-fca-qui-tam,rule_change,False Claims Amendments Act of 1986,"Pub. L. 99-562 revived qui tam: relator shares of 15-25% (government intervenes) or 25-30% (government declines), treble damages, higher penalties, anti-retaliation protection, and a new public-disclosure bar with an original-source exception. Qui tam filings rose from 31 new matters in FY1987 to hundreds a year.",usa-pl-99-562-1986,100 Stat. 3153 (PDF p. 1),"To amend title 31, United States Code, with respect to the fraudulent use of public property or money."
e-13c3a484e0,1990-11-29,day,USA,usa-doj-firrea-decl,launch,Financial Institutions Anti-Fraud Enforcement Act of 1990,Lets private persons file confidential declarations of bank-fraud violations with the Attorney General and share in recoveries.,usa-uscode-12usc4201-2024,"12 U.S.C. 4201, credits and short-title note","(Pub. L. 101–647, title XXV, §2561, Nov. 29, 1990, 104 Stat. 4894.)"
e-7f984111fb,1996,year,USA,usa-irs-wbo,rule_change,1996 amendments: awards paid from collected proceeds,The 1996 amendments added detecting underpayments of tax as a purpose and changed the funding of awards from IRS appropriations to proceeds collected from the taxpayer.,usa-irs-wbo-first-report-2008,"printed p. 1 (PDF p. 3), Prior Law and Policy",The 1996 amendments also changed the source of funds from IRS operating funds to proceeds of amounts collected from the taxpayer (other than interest).
e-18a52d1956,1996-07-30,day,USA,usa-irs-wbo,rule_change,Taxpayer Bill of Rights 2 rewrites section 7623,Pub. L. 104-168 § 1209 adds detecting underpayments as a purpose and removes the appropriations limit; awards are paid from proceeds collected (effective six months after enactment).,usa-uscode-26usc7623-2023,"PDF p. 3, amendment notes","1996—Pub. L. 104–168 substituted ‘‘of underpayments and fraud, etc.’’ for ‘‘and punishment of frauds’’ in section catchline and amended text generally."
e-eccb685c2f,2002-01-25,day,KOR,kor-acrc-rewards,launch,Anti-Corruption Act takes effect with rewards for corruption reports,"The Anti-Corruption Act (Act 6494, enacted 24 Jul 2001) and its decree take effect: people whose corruption reports directly recover public revenue can claim a reward, set at 2-10% of the recovery with a KRW 200 million cap. Run by the Korea Independent Commission Against Corruption, later the ACRC.",kor-moleg-acad-act-2001,art. 36(2); effective date 20020125,부패행위의 신고자는 이 법에 의한 신고로 인하여 직접적인 공공기관 수입의 회복이나 증대 또는 비용의 절감을 가져온 경우에는 위원회에 보상금의 지급을 신청할 수 있다
e-84aa551560,2002-07-30,day,USA,,legal,Sarbanes-Oxley Act section 806: protection for corporate whistleblowers,"Section 806 created a civil action against retaliation for employees of listed companies who report fraud (18 U.S.C. 1514A). Protection only, no reward.",usa-congress-pl107-204-2002,"Sec. 806, 116 Stat. 802 (PDF p. 58)",PROTECTION FOR EMPLOYEES OF PUBLICLY TRADED COMPANIES WHO PROVIDE EVIDENCE OF FRAUD.
e-2cadfabc44,2003-06-26,day,USA,usa-fca-qui-tam,award,HCA settlement: largest combined qui tam award at the time ($151.6 million),"HCA paid $631 million in civil FCA damages and penalties; whistleblowers received a combined $151,591,500.",usa-doj-pr-hca-2003,press release text,the highest combined qui tam award ever paid out by the government.
e-833184d55e,2005-12-30,day,KOR,kor-acrc-rewards,rule_change,Corruption reward cap raised from KRW 200 million to 2 billion; awards introduced,"Decree 19238 raises the reward schedule to 4-20% and the cap tenfold, and sets rules for new monetary awards (포상금) of up to KRW 50 million for reports that serve the public interest without a recovery.",kor-moleg-acad-decree-2005,"reason statement (개정이유), item 마",신고보상금 지급한도를 현행 2억원에서 20억원으로 상향조정하고 지급기준도 단계별 보상대상가액에 따라 상향조정함
e-329f336cc7,2006-10-16,day,GHA,gha-whistleblower-fund,legal,Ghana Whistleblower Act (Act 720) with a Reward Fund,Act 720 receives assent; it creates a Whistleblower Reward Fund paying 10% of money recovered (or an amount set by the Attorney-General).,gha-parliament-act720-2006,PDF p. 3,"DATE OF ASSENT: 16th October, 2006."
e-0015a28c52,2006-12-20,day,USA,usa-irs-wbo,rule_change,Tax Relief and Health Care Act of 2006: mandatory IRS whistleblower awards,"Section 406 made IRS awards mandatory at 15-30% of collected proceeds for large cases (over $2 million in dispute; individuals with gross income over $200,000) and created the Whistleblower Office.",usa-congress-pl109-432-2006,"Sec. 406, 120 Stat. 2958 (PDF p. 38)",receive as an award at least 15 percent but not more than 30 percent of the collected proceeds
e-6ee34d8484,2006-12-20,day,USA,usa-irs-wbo,legal,Tax Relief and Health Care Act of 2006 creates section 7623(b),"Section 406 of the Act (PL 109-432) re-designates the old discretionary informant-reward law as 7623(a) and adds mandatory awards of 15-30% for cases over $2 million, a Whistleblower Office and Tax Court appeals. Applies to information provided after 19 December 2006.",usa-irs-wbo-first-report-2008,"printed p. 2 (PDF p. 4), New Law; Executive Summary","For information provided to the Internal Revenue Service (IRS) after December 19, 2006, new section 7623(b) generally requires the IRS to pay awards"
e-3b1541392c,2007-02-02,day,USA,usa-irs-wbo,launch,First Whistleblower Office director appointed,The IRS announces Stephen Whitlock as the first Director of the Whistleblower Office.,usa-irs-wbo-first-report-2008,Executive Summary (PDF p. 2),"On February 2, 2007, the IRS announced the appointment of Stephen Whitlock as the first Director of the IRS Whistleblower Office."
e-a07fa7649f,2008-01-14,day,USA,usa-irs-wbo,rule_change,Notice 2008-4: first guidance on how to file,Notice 2008-4 gives initial guidance on submitting information and a revised Form 211; all Forms 211 now go to the Whistleblower Office.,usa-irs-wbo-ar-fy2008,"printed p. 7, D. Program guidance","The IRS issued Notice 2008-4 on January 14, 2008."
e-ac552c9d2b,2008-06-19,day,USA,usa-irs-wbo,scandal,Birkenfeld pleads guilty,Former UBS private banker Bradley Birkenfeld pleaded guilty to conspiring to defraud the United States.,usa-doj-birkenfeld-sentencing-pr-2009,para 1,"On June 19, 2008, Birkenfeld pleaded guilty to conspiring to defraud the United States"
e-319c693d67,2009-02-18,day,USA,usa-irs-wbo,scandal,UBS deferred prosecution agreement: $780 million and client names,"UBS admitted helping US taxpayers hide accounts, agreed to give the US client identities and to pay $780 million.",usa-doj-ubs-dpa-pr-2009,subheading,Agrees to Identify Customers & Pay $780 Million
e-b32ecefbbb,2009-05-20,day,USA,usa-fca-qui-tam,rule_change,Fraud Enforcement and Recovery Act of 2009 amends the FCA,"FERA (Pub. L. 111-21, sec. 4) broadened FCA liability (no need for a claim to be presented directly to a federal officer, materiality defined, conspiracy and reverse false claims expanded) and rewrote the anti-retaliation provision 3730(h).",usa-crs-r40785-2021,"p. 9 (PDF p. 13), ""2009 Amendments""",The amendments of the Fraud Enforcement and Recovery Act of 2009 reinforced the 1986 amendments
e-9ffb4e5d37,2009-07,month,USA,usa-irs-wbo,rule_change,Awards wait for the refund-claim period to expire,"From July 2009 the IRS waits until the taxpayer can no longer claim a refund (generally two years after the last payment) before paying an award, delaying some payments to FY2010-2011.",usa-irs-wbo-ar-fy2009,"printed p. 8 (PDF p. 9), VI. Whistleblower Awards Paid","beginning in July 2009, the IRS monitors cases both for collection and then for the expiration of the period for filing a claim for refund."
e-f799acc8b1,2009-08-20,day,USA,usa-irs-wbo,context,"TIGTA: weak control of whistleblower claims, calls for anti-retaliation law",TIGTA report 2009-30-114 finds the Whistleblower Office relied on several inaccurate inventory systems and had no timeliness standards; it recommends legislation protecting tax whistleblowers from employer retaliation (enacted in 2019).,usa-tigta-wbo-audit-2009,"pp. 2-3 (Synopsis, Legislative Recommendation)",Legislation is needed to ensure that informants are protected against retaliation by their employers and to provide specific relief to informants who are retaliated against.
e-5ff42f9125,2009-08-21,day,USA,usa-irs-wbo,legal,Birkenfeld sentenced to 40 months,"Bradley Birkenfeld was sentenced to 40 months in prison, despite having given the government information on UBS. (Two days earlier UBS agreed to disclose 4,450 more accounts.)",usa-doj-birkenfeld-sentencing-pr-2009,para 1,"has been sentenced to 40 months incarceration by Judge William J. Zloch in Fort Lauderdale, Fla."
e-1fdc7bdc68,2009-08-31,day,USA,usa-sec-wb,scandal,SEC inspector general: Madoff warnings ignored,"The SEC OIG found that between 1992 and 2008 the SEC received six substantive complaints about Madoff, including Harry Markopolos's, but never ran a competent investigation.",usa-sec-oig-madoff-report-2009,report p. 21 (PDF p. 41),the SEC received six 10 substantive complaints that raised significant red flags concerning Madoff’s hedge fund operations
e-12c36b3f0a,2009-09-02,day,USA,usa-fca-qui-tam,award,"Pfizer $2.3 billion settlement, then the largest health care fraud settlement",Pfizer paid $2.3 billion; six whistleblowers received more than $102 million.,usa-doj-pfizer-pr-2009,para 1,"have agreed to pay $2.3 billion, the largest health care fraud settlement in the history of the Department of Justice"
e-a5c3275f7f,2010-03-23,day,USA,usa-fca-qui-tam,rule_change,Affordable Care Act rewrites the public-disclosure bar,"Pub. L. 111-148, sec. 10104(j)(2) replaced the jurisdictional public-disclosure bar with a dismissal rule the government can veto, limited qualifying disclosures to federal sources and the news media, and redefined ""original source"".",usa-uscode-31-3730-2023,"Amendment notes, 2010",2010 —Subsec. (e)(4). Pub. L. 111–148 added par. (4) and struck out former par. (4)
e-1242253490,2010-04-01,day,HUN,hun-gvh-informant-rewards,launch,Hungary introduces informant reward for cartel evidence,"An amendment to the Hungarian Competition Act (Tpvt.) introduces a reward of 1% of the fine, up to HUF 50 million, for people who provide indispensable written evidence of hard-core cartels.",hun-gvh-ogy-beszamolo-2010,PDF p. 7,"2010. április 1-jével lépett hatályba a Tpvt. azon módosítása, amely bevezette az ún. informátori díj intézményét."
e-eb1d2d22da,2010-06-16,day,USA,usa-irs-wbo,rule_change,IRM 25.2.2 revised: award criteria and whistleblower review of award file,"Revised Internal Revenue Manual sets procedures for intake and award determinations, including letting 7623(b) whistleblowers comment on preliminary awards; 7623(a) claims filed from 1 July 2010 use the same percentages as 7623(b).",usa-irs-wbo-ar-fy2010,"PDF p. 8-9, C. Program Guidance","awards paid in section 7623(a) cases submitted on or after July 1, 2010 ... will be determined using the same criteria and percentages that apply to 7623(b) claims."
e-1a5b6b9af8,2010-07-21,day,USA,usa-sec-wb,launch,Dodd-Frank Act creates SEC and CFTC whistleblower award programmes,Sections 922 (SEC) and 748 (CFTC) require awards of 10-30% of monetary sanctions collected in successful actions.,usa-congress-pl111-203-2010,"Sec. 922, 124 Stat. 1842 (PDF p. 468)","not less than 10 percent, in total, of what has been collected of the monetary sanctions imposed in the action or related actions"
e-76981b4d29,2010-07-21,day,USA,usa-cftc-wb,launch,Dodd-Frank Act section 748: CFTC whistleblower programme,Section 748 added commodity whistleblower incentives and protection to the Commodity Exchange Act.,usa-congress-pl111-203-2010,"Sec. 748, 124 Stat. 1739 (PDF p. 365)",SEC. 748. COMMODITY WHISTLEBLOWER INCENTIVES AND PROTECTION.
e-cde04e3114,2010-07-21,day,USA,usa-fca-qui-tam,rule_change,Dodd-Frank adds 3-year limit for FCA retaliation claims,"Pub. L. 111-203, sec. 1079A(c) amended 3730(h) (protection of ""associated others"" and an explicit 3-year limitations period for retaliation suits).",usa-crs-r40785-2021,"p. 10 (PDF p. 14), ""2010 Amendments""",Dodd-Frank added an explicit 3-year statute of limitations within which a civil action in response to retaliation must be commenced.
e-9130a7209f,2010-07-21,day,USA,usa-cftc-wb,launch,Dodd-Frank Act creates CFTC whistleblower programme,"Section 748 added CEA Section 23 (awards of 10-30% of sanctions over $1 million, paid from the new Customer Protection Fund).",usa-cftc-wb-ar-2011,p. 2,Section 748 of the Dodd-Frank Wall Street Reform and Consumer Protection Act ... amended the CEA by adding Section 23
e-caca326a30,2010-07-21,day,USA,usa-sec-wb,launch,Dodd-Frank Act creates SEC whistleblower programme,"Section 922 of the Dodd-Frank Act adds Section 21F to the Exchange Act: awards of 10-30% of sanctions over $1 million, paid from the new Investor Protection Fund.",usa-sec-owb-ar-2011,p. 1,Section 922 of the Dodd-Frank Wall Street Reform and Consumer Protection Act ... adding Section 21F
e-7e02a35c07,2010-07-27,day,USA,usa-ilag-fca,rule_change,Illinois False Claims Act amended (HB 5951),"Governor Quinn signed House Bill 5951, drafted by the Attorney General, amending the Illinois False Claims Act (improved investigative powers, recovery of investigation and litigation costs); effective immediately. Date: the 28 July 2010 release says the Governor signed it 'yesterday'.",usa-ilag-pr-fca-amended-2010,"press release, para 3",The General Assembly unanimously passed the bill and Governor Quinn signed it yesterday. The new law takes effect immediately.
e-2ae49caee5,2010-10-26,day,USA,usa-fca-qui-tam,award,GSK/SB Pharmco $750 million; whistleblower Cheryl Eckard gets about $96 million,Named relator Cheryl Eckard received about $96 million from the federal share.,usa-doj-gsk-sb-pharmco-pr-2010,para 7,the whistleblower - Cheryl Eckard - will receive approximately $96 million
e-9d7880cca5,2011,year,USA,usa-irs-wbo,award,First awards under section 7623(b) paid,In FY2011 the IRS paid the first awards under the 2006 law; too few to report separately.,usa-irs-wbo-ar-fy2011,"PDF p. 9, D. Program Operations","In FY 2011, the Whistleblower Office paid the first claims under the 2006 amendments to section 7623."
e-78a7022a64,2011-01-18,day,USA,usa-irs-wbo,rule_change,"Proposed regulation on ""collected proceeds""","The IRS proposes defining collected proceeds for 7623(a) and (b), including reductions of overpayment credit balances and refund-prevention claims.",usa-irs-wbo-ar-fy2010,"PDF p. 11, IV.1.a","On January 18, 2011, the IRS issued proposed regulations seeking public comment on a proposal to define the term “collected proceeds”"
e-b08086f459,2011-02-18,day,USA,usa-sec-wb,launch,Office of the Whistleblower head appointed,The SEC appointed Sean X. McKessy to head the new Office of the Whistleblower.,usa-sec-owb-ar-2011,p. 3,"On February 18, 2011, the Commission announced the appointment of Sean X. McKessy to head the newly-created Office of the Whistleblower"
e-f85fe64e2f,2011-05-25,day,USA,usa-sec-wb,rule_change,SEC adopts Regulation 21F,"Final whistleblower rules adopted 25 May 2011, effective 12 August 2011.",usa-sec-owb-ar-2011,p. 3,"On May 25, 2011, the Commission adopted final Regulation 21F, which became effective on August 12, 2011"
e-7aca9a8b63,2011-08-12,day,USA,usa-sec-wb,launch,SEC whistleblower rules take effect; first 170 Notices of Covered Action,Regulation 21F took effect and OWB posted Notices of Covered Action for 170 judgments and orders with sanctions over $1 million.,usa-sec-owb-ar-2011,p. 8,"On August 12, 2011, the Office of the Whistleblower posted Notices of Covered Actions for the 170 applicable enforcement judgments and orders"
e-8a9444fcef,2011-08-25,day,USA,usa-cftc-wb,rule_change,CFTC adopts whistleblower rules (17 CFR Part 165),"Final rules implementing CEA Section 23 issued 25 Aug 2011 (76 Fed. Reg. 53172), effective 24 Oct 2011.",usa-cftc-wb-ar-2011,p. 3,"The Commission issued final rules implementing Section23 of the CEA on August 25, 2011. These rules became effective on October 24, 2011."
e-84f208613a,2011-09-30,day,KOR,kor-acrc-rewards,launch,Public Interest Whistleblower Protection Act takes effect,"Korea's public-interest whistleblowing law (private-sector violations of health, safety, environment, consumer interests and fair competition) takes effect, with rewards paid by the ACRC.",kor-acrc-ar-2015,PDF p. 36,"The ACRC established the Act on the Protection of Public Interest Whistleblowers (effectuated on Sep. 30, 2011"
e-252e9da3cd,2012-02-22,day,USA,usa-irs-wbo,rule_change,"Final regulations define ""collected proceeds""","Final regulations clarify ""proceeds of amounts collected"" and ""collected proceeds"", including refund-prevention claims and reductions of overpayment credit balances.",usa-irs-wbo-ar-fy2012,"PDF p. 9, C. Program Guidance","The IRS issued final regulations on February 22, 2012, which clarified the definitions of “proceeds of amounts collected” and “collected proceeds”"
e-9a2cc1d0db,2012-06-07,day,USA,usa-irs-wbo,rule_change,Interim guidance on award timing and computation (effective 1 Aug 2012),"Whistleblower Office interim guidance adds rules on award timing and computation, tax withholding on award payments and administrative proceedings.",usa-irs-wbo-ar-fy2012,"PDF p. 9, C. Program Guidance","On June 7, 2012, the Director of the Whistleblower Office issued interim guidance with an effective date of August 1, 2012."
e-620d8213e2,2012-07-02,day,USA,usa-fca-qui-tam,award,"GSK $3 billion, largest health care fraud settlement in US history",GSK pleaded guilty and paid $3 billion; four qui tam suits resolved.,usa-doj-gsk-pr-2012,para 1,The resolution is the largest health care fraud settlement in U.S. history and the largest payment ever by a drug company.
e-15f3802075,2012-08-21,day,USA,usa-sec-wb,award,First SEC whistleblower award,"First award under the programme: 30% of sanctions collected, nearly $50,000 paid.",usa-sec-owb-ar-2012,p. 8,"During Fiscal Year 2012, the Commission made its first award under the whistleblower program."
e-d9fa8625ff,2012-08-27,day,USA,usa-irs-wbo,award,IRS pays record US$104 million whistleblower award,"Largest IRS whistleblower award to that date, confirmed by the IRS under a limited privacy waiver (publicly identified as Bradley Birkenfeld / UBS).",usa-irs-wbo-ar-fy2012,"PDF p. 10, footnote 11","on August 27, 2012, the IRS paid an award of $104 million to a whistleblower."
e-f6f8a13eba,2012-09-11,day,USA,usa-irs-wbo,award,IRS pays Birkenfeld $104 million,"Largest IRS whistleblower award to date, paid to a whistleblower who had served prison time in the same affair.",intl-csmonitor-ap-birkenfeld-award-2012,para 1,"the largest amount ever awarded by the Internal Revenue Service, lawyers for the whistleblower announced Tuesday"
e-d5152d5cbf,2013-01-18,day,USA,usa-sec-wb,legal,SEC Inspector General evaluates the whistleblower programme,"OIG Report No. 511 found OWB generally prompt, recommended adding performance metrics; found no programme changes necessary.",usa-sec-owb-ar-2013,pp. 17-19,OIG recommended that the whistleblower program's internal controls be strengthened by adding performance metrics
e-9dec9ad27d,2013-03-01,day,USA,usa-irs-wbo,rule_change,Sequestration cuts whistleblower awards by 8.7%,"Under the Balanced Budget and Emergency Deficit Control Act, award payments made on or after 1 March 2013 are reduced (8.7% in FY2013); the cut recurs in later years at different rates.",usa-irs-wbo-ar-fy2013,"PDF p. 8, C. Program Operations","As applied to payments under section 7623, the required reductions were 8.7 percent of the amount that would otherwise have been payable."
e-f38f02ae8f,2013-08-29,day,USA,usa-irs-wbo,context,DOJ announces the Swiss Bank Program,"A path for Swiss banks to resolve US tax-evasion liability by disclosure, cooperation and penalties; a consequence of the UBS case.",usa-doj-swiss-bank-final-npa-pr-2016,'The Swiss Bank Program' paragraph,"The Swiss Bank Program, which was announced on Aug. 29, 2013, provides a path for Swiss banks to resolve potential criminal liabilities in the United States."
e-4e5acd9a7f,2013-10-01,day,USA,usa-sec-wb,award,Record SEC award of over $14 million,Largest award to that date.,usa-sec-owb-ar-2013,p. 16,awarding over $14 million to a whistleblower
e-33f3737574,2014,year,USA,usa-cftc-wb,award,First CFTC whistleblower award paid,"One award ($246,000 from the Fund) in an unlawful trading case, FY2014.",usa-cftc-wb-ar-2014,p. 2,The Commission paid one whistleblower award during the Period in an unlawful trading case.
e-dcf1a85302,2014-01-24,day,HUN,hun-gvh-informant-rewards,award,GVH press conference on first cartel case with an informant reward payment,"The Hungarian Competition Authority holds a press conference on the first cartel case in which an informant reward was paid (office supplies, Vj-43/2011).",hun-gvh-ogy-beszamolo-2014,"PDF p. 22, calendar of events",január 24. Sajtótájékoztató az első informátori díjkifizetéssel érintett kartell ügyében.
e-bd45c3e093,2014-06-25,day,GBR,,context,UK government rejects financial incentives for whistleblowers,"The Department for Business, Innovation and Skills' response to its Call for Evidence on Whistleblowing says financial incentives should not be an integral part of the framework (as reported by the FCA and PRA).",gbr-fca-pra-incentives-2014,"p. 2, 'Key points'",We note also that the response published on 25 June by BIS to their Call for Evidence on Whistleblowing states that the Government does not believe that financial incentives should form an integral part of the whistleblowing framework.
e-d600279b94,2014-07,month,GBR,,context,FCA and PRA decide against US-style rewards,"Note to the Treasury Select Committee: after studying US programmes, the FCA and PRA conclude that incentives would not increase the number or quality of disclosures and propose not to introduce them.",gbr-fca-pra-incentives-2014,"p. 7, para 29","We therefore propose not to introduce financial incentives, but to press ahead with the regulatory changes necessary to require firms to have effective whistleblowing procedures"
e-8e9a0a0dfb,2014-07-01,day,SVK,svk-pmu-cartel-rewards,launch,Slovak Antimonopoly Office introduces cartel informant reward,"An amendment to the Competition Act (136/2001) introduces a reward for natural persons who provide evidence of a cartel: 1% of fines, up to EUR 100,000.",svk-pmu-vs-2014,PDF p. 11,"Úplnou novinkou v slovenskej súťažnej praxi je zavedenie inštitútu oznamovateľa, t.j. finančnej odmeny pre fyzické osoby za predloženie dôkazov o karteli."
e-ae51d8670e,2014-08-12,day,USA,usa-irs-wbo,rule_change,Comprehensive final regulations (26 CFR 301.7623-1 to -4),"Final regulations cover submitting information, claims, administrative proceedings, award determination and payment, and key definitions; effective 12 August 2014.",usa-irs-wbo-ar-fy2014,"PDF p. 7, III.A Program Guidance","On August 12, 2014, final regulations were published in the Federal Register."
e-0ffc0def34,2014-08-12,day,USA,usa-irs-wbo,rule_change,T.D. 9687 sets the 15/22/30 award framework,"Final regulations (26 CFR 301.7623-1 to -4) set the award-percentage computation, administrative proceedings and payment timing; effective 12 Aug 2014.",usa-ecfr-26cfr301-7623-4-2026,"§ 301.7623-4, effective date note","This rule is effective on August 12, 2014."
e-dbbf22822a,2014-08-20,day,USA,usa-irs-wbo,context,Deputy Commissioner memo on timely use of whistleblower information,IRS Deputy Commissioner for Services and Enforcement stresses the value of whistleblower information and timely evaluation.,usa-irs-wbo-ar-fy2014,"PDF p. 7, III.A Program Guidance","The Deputy Commissioner for Services and Enforcement issued a memorandum on August 20, 2014, highlighting the value of whistleblower information"
e-551bc87c71,2014-09-22,day,USA,usa-sec-wb,award,Record SEC award of more than $30 million,Largest award to that date; to a foreign resident.,usa-sec-owb-ar-2014,p. 10,the Commission authorized an award of more than $30 million to a whistleblower
e-ece83bc190,2015-01-01,day,SVK,svk-msr-rewards,launch,Slovak whistleblower act with Ministry of Justice rewards takes effect,Act 307/2014 takes effect: the Ministry of Justice may grant whistleblowers a reward of up to 50 times the minimum wage after a final conviction or administrative decision.,svk-zz-2014-307-whistleblower-act,Čl. XX (final article),Tento zákon nadobúda účinnosť 1. januára 2015.
e-54dd790e89,2015-03-11,day,USA,usa-sec-wb,legal,Second Circuit upholds SEC denial in Stryker v. SEC,Court held information given before Dodd-Frank is not 'original information'; first judicial opinion on a denied SEC award claim.,usa-sec-owb-ar-2015,p. 15 (printed),"On March 11, 2015, the Second Circuit Court of Appeals upheld the Commission's denial of an award claim in Stryker v. SEC"
e-c130ab99a4,2015-04-23,day,USA,usa-cftc-wb,scandal,CFTC fines Deutsche Bank $800 million for Libor manipulation,Largest CFTC fine at the time; CFTC total for LIBOR and FX abuses passed $4 billion across 13 banks and brokers.,usa-cftc-libor-deutsche-pr-7159-15,subheading,"With Today’s Action, the CFTC Has Imposed over $4 Billion in Penalties against 13 Banks and Brokers to Address LIBOR and FX Benchmark Abuses"
e-7677699926,2015-07,month,KOR,kor-acrc-rewards,award,Record reward of 1.16 billion won,Largest reward paid up to then for a corruption report.,kor-acrc-ar-2015,PDF p. 35,the payment of the largest reward in history (1.16 billion KRW) in July 2015
e-34b90a1470,2015-10-20,day,KOR,kor-acrc-rewards,rule_change,Corruption reward cap raised from 2 to 3 billion won,Enforcement decree of the ACRC Act revised: maximum reward raised to 3 billion KRW and maximum award to 200 million KRW for reports made after 20 Oct 2015.,kor-acrc-ar-2015,PDF p. 35,"for the corruption reports made after October 20, 2015, … the maximum reward has increased from the current 2 billion KRW to 3 billion KRW"
e-97fddd2687,2015-10-20,day,KOR,kor-acrc-rewards,rule_change,Corruption reward rates raised to 4-30%,Same decree that raised the cap to KRW 3 billion: the top bracket goes from 20% to 30% of the recovered amount (first KRW 100 million).,kor-moleg-acrc-decree-2015,annex 1,1억원 이하 │보상대상가액의 30%
e-b6a54410b9,2015-10-29,day,USA,usa-irs-wbo,context,GAO finds award errors and long delays,"GAO-16-20 reviews 17 paid 7623(b) award files and finds over- and underpayments of about $100,000, plus timeliness and communication problems.",usa-gao-16-20,"Product page, Highlights","In a review of the 17 paid 7623(b) award claim files, GAO found that the WO made errors in determining some awards, resulting in over- and underpayments totaling approximately $100,000."
e-449c32ebed,2015-11-27,day,CHE,,legal,Falciani sentenced in absentia to five years,Switzerland's Federal Criminal Court convicted the HSBC leaker of economic espionage.,che-srf-falciani-2015,para 4,Das Gericht befand Falciani des wirtschaftlichen Nachrichtendienstes schuldig.
e-981cd650b9,2015-12-04,day,USA,usa-nhtsa-wb,launch,Motor Vehicle Safety Whistleblower Act (FAST Act),Adds 49 U.S.C. 30172: awards of 10-30 percent of collected sanctions over $1 million to auto-industry employees and contractors; awards allowed before regulations.,usa-uscode-49usc30172-2023,"49 U.S.C. 30172, credits","(Added Pub. L. 114–94, div. B, title XXIV, §24352(a), Dec. 4, 2015, 129 Stat. 1716.)"
e-e9083ecbd1,2016-01-25,day,KOR,kor-acrc-rewards,rule_change,Monetary awards introduced for public-interest reports,Award (포상금) system introduced under the Public Interest Whistleblower Protection Act.,kor-acrc-ar-2025,PDF p. 90,"Since the introduction of the award system on January 25, 2016"
e-9b49776b95,2016-01-25,day,KOR,kor-acrc-rewards,rule_change,Public-interest rewards limited to internal whistleblowers; cap raised to KRW 2 billion,"An amendment to the Public Interest Whistleblower Protection Act limits rewards to internal whistleblowers (aimed at professional reporters), and the decree raises the cap from 1 to 2 billion won.",kor-moleg-piwpa-decree-2016,reason statement (개정이유),특별보호조치결정 및 보상금 지급 규정을 내부 공익신고자에게만 적용하도록 하며
e-6376b3aa89,2016-01-27,day,USA,usa-irs-wbo,context,"Swiss Bank Program: final Category 2 agreement, 80 banks, over $1.36 billion",DOJ's last Category 2 non-prosecution agreement under the Swiss Bank Program.,usa-doj-swiss-bank-final-npa-pr-2016,subheading,Department’s Swiss Bank Program Imposed More Than $1.3 Billion in Penalties on 80 Banks
e-ed6fee39de,2016-06-29,day,LUX,,legal,LuxLeaks: Deltour and Halet convicted at first instance,"Luxembourg District Court convicted A.D. (Antoine Deltour) and Raphaël Halet, among others of theft from an employer and breach of professional secrecy.",intl-echr-halet-gc-2023,para 18,"On 29 June 2016 the Luxembourg District Court, sitting as a criminal court, convicted A.D. and the applicant"
e-70baa8b6a6,2016-07-14,day,CAN,can-osc-wb,launch,OSC Whistleblower Program launched,Ontario Securities Commission launches the first paid whistleblower programme run by a Canadian securities regulator (OSC Policy 15-601).,can-osc-wb-update-2022,Introduction,"The timeframe covered in this update includes the initial program launch period between July 14, 2016, and March 31, 2017"
e-b35b78fe49,2016-08-03,day,USA,usa-irs-wbo,legal,Tax Court: criminal fines and forfeitures are collected proceeds,"Whistleblower 21276-13W v. Commissioner, 147 T.C. No. 4.",usa-ustc-wb21276-13w-2016,PDF p. 2,Held: The criminal fine and civil forfeitures are collected proceeds for purposes of an award under I.R.C. sec. 7623(b).
e-1ea5cbe50b,2016-08-30,day,USA,usa-sec-wb,award,SEC cumulative awards pass $100 million,With a $22 million award in August 2016 total awards passed $100 million (more than $111 million to 34 people by FY-end).,usa-sec-owb-ar-2016,p. 1,"In August 2016, the SEC announced that its awards to whistleblowers since the beginning of the program have surpassed the $100 million mark."
e-6a37c6e4be,2016-08-30,day,USA,usa-irs-wbo,context,"TIGTA: more than $2 billion collected, but claim processing needs controls","TIGTA report 2016-30-059 finds over $2 billion collected from FY2011 to Feb 2016 and 732 awards, but weak oversight of claim processing, slow rejections and poorly supported denials.",usa-tigta-wbo-audit-2016,p. 11,"From FY 2011 through February 2016, the IRS collected more than $2 billion due to information provided by whistleblowers"
e-471f1275f1,2016-12-28,day,USA,usa-txag-tmfpa,rule_change,HHS-OIG approves Texas Medicaid Fraud Prevention Act (section 1909 review),HHS-OIG found the state's false claims act qualifies for the Social Security Act section 1909 incentive (10 extra percentage points of Medicaid recoveries). The date is the latest review listed; earlier approvals may exist.,usa-hhsoig-state-fca-reviews-2026,"State Laws Reviewed by OIG, Approved",Texas (12/28/16)
e-b67f2f1247,2017-04-03,day,USA,,legal,OSHA orders Wells Fargo to reinstate whistleblower,Sarbanes-Oxley retaliation order worth about $5.4 million.,usa-dol-osha-wells-fargo-pr-2017,para 1,has ordered Wells Fargo Bank N.A. to compensate and immediately reinstate a former bank manager
e-09de0bf1b7,2017-05-30,day,USA,usa-cftc-wb,rule_change,CFTC amends whistleblower rules (Part 165),"Amended Whistleblower Awards Process rules (82 Fed. Reg. 24,487, May 30, 2017) took effect July 31, 2017; award reviews were on hold during the rulemaking.",usa-cftc-wb-ar-2017,p. 3,"Once the amended rules took effect on July 31, 2017, the Claims Review Staff met to consider award applications"
e-ded2444b51,2017-09-13,day,AUS,,context,Australian parliamentary committee recommends whistleblower rewards,The Parliamentary Joint Committee on Corporations and Financial Services recommends that a whistleblower protection body or law enforcement agencies may pay rewards set as a percentage of penalties imposed.,aus-treasury-govt-response-pjc-whistleblower-2019,"PDF p. 15, Recommendation 11.1",a whistleblower protection body (such as that recommended in Chapter 12) or prescribed law enforcement agencies may give a ‘reward’ to any relevant whistleblower.
e-90d17e060e,2017-12-05,day,USA,usa-ilag-fca,rule_change,HHS-OIG approves Illinois False Claims Act (section 1909 review),HHS-OIG found the state's false claims act qualifies for the Social Security Act section 1909 incentive (10 extra percentage points of Medicaid recoveries). The date is the latest review listed; earlier approvals may exist.,usa-hhsoig-state-fca-reviews-2026,"State Laws Reviewed by OIG, Approved",Illinois (12/5/17)
e-45c765c591,2018,year,USA,usa-irs-wbo,award,Record year: US$312 million in awards on US$1.44 billion collected,"FY2018 awards of $312,207,590 (before sequestration) on proceeds of $1,441,255,859, of which $809.9 million non-Title 26.",usa-irs-wbo-ar-fy2018,"PDF p. 8, Awards text",FY 2018 was record setting in the proceeds collected and amount of awards paid
e-86a1168bd3,2018-01-11,day,LUX,,legal,LuxLeaks: Court of Cassation recognises Deltour as a whistleblower,"The Court of Cassation quashed A.D.'s (Deltour's) conviction, holding that whistleblower status must cover all offences linked to the disclosure; Halet's appeal was dismissed the same day.",intl-echr-halet-gc-2023,para 46,quashed the Court of Appeal’s judgment on the grounds that whistle-blower status ought in principle to be recognised
e-3475acfdaa,2018-02-09,day,USA,usa-irs-wbo,rule_change,"Bipartisan Budget Act 2018 widens ""proceeds"" (section 7623(c))","Section 41108 of the BBA 2018 (PL 115-123) defines proceeds to include criminal fines, civil forfeitures and violations of reporting requirements (e.g. FBAR penalties), counts them toward the $2 million threshold, and applies to claims without a final award determination. FY2018 became a record year.",usa-irs-wbo-ar-fy2018,"PDF p. 4, Background","On February 9, 2018, Section 41108 of the BBA of 2018 amended IRC § 7623 by adding a new subsection (c)"
e-1a673a7570,2018-02-21,day,USA,usa-sec-wb,legal,Supreme Court: Digital Realty Trust v. Somers,Dodd-Frank anti-retaliation protection covers only employees who report to the SEC; SEC proposed rule changes in response.,usa-sec-owb-ar-2018,p. 2,"In Digital Realty, the Supreme Court held that the whistleblower provisions of"
e-6a26598bc5,2018-02-21,day,USA,usa-sec-wb,legal,Supreme Court: Dodd-Frank retaliation protection requires reporting to the SEC (Digital Realty v. Somers),"The Court held that an employee who reported suspected securities violations only internally, not to the SEC, is not a 'whistleblower' protected by Dodd-Frank's anti-retaliation provision (Sarbanes-Oxley protection remains). Opinion by Justice Ginsburg.",usa-scotus-digital-realty-2018,"Syllabus, p. 2 (Held)","Held: Dodd-Frank’s anti-retaliation provision does not extend to an individual, like Somers, who has not reported a violation of the securities laws to the SEC."
e-86b655b39e,2018-03-19,day,USA,usa-sec-wb,award,Record SEC awards totalling about $83 million,Nearly $50 million joint award (largest to date) plus more than $33 million to a third person.,usa-sec-owb-ar-2018,p. 10,"two of its largest-ever whistleblower awards, with two individuals sharing a nearly $50 million joint award"
e-29309a0f7a,2018-05-01,day,KOR,kor-acrc-rewards,rule_change,Public-interest reward cap raised from KRW 2 to 3 billion,Decree 28849 raises the cap on public-interest rewards to match corruption rewards.,kor-moleg-piwpa-decree-2018,reason statement (개정이유),보상금의 지급한도액을 20억원에서 30억원으로 상향하는
e-32fff6389b,2018-07-12,day,USA,usa-cftc-wb,award,Record CFTC award of about $30 million,Largest CFTC award to that date.,usa-cftc-wb-ar-2018,p. 3,This was the largest award made since the Whistleblower Program was established in 2010.
e-bbb391f6f2,2018-07-20,day,USA,usa-sec-wb,rule_change,SEC proposes amendments to whistleblower rules,"Proposing release published 20 July 2018 (comment period to 18 Sept 2018): more award discretion, efficiency, and anti-retaliation changes after Digital Realty.",usa-sec-owb-ar-2018,p. 3,"The proposing release was published in the Federal Register on July 20, 2018, and the comment period ended on September 18, 2018."
e-7b722ee019,2018-09-28,day,USA,usa-irs-wbo,context,GAO: FBAR penalties left out of awards,GAO-18-698 finds FBAR penalties of about $10.7 million in 28 sampled claims were excluded from awards before the 2018 law change; awards could have been up to $3.2 million higher.,usa-gao-18-698,"Product page, Highlights","Had they been included in whistleblower awards, total awards could have increased up to $3.2 million."
e-0c512bc56c,2018-10-10,day,CHE,,legal,Swiss Federal Supreme Court upholds Elmer's bank-secrecy acquittal,"The court held Elmer, employed by a Cayman Islands subsidiary, was not bound by Swiss banking secrecy.",che-lawch-elmer-2018,para 1,"Das Bundesgericht gab soeben bekannt gegeben, dass es den Freispruch von Rudolf Elmer vom Vorwurf der mehrfachen Verletzung des Bankgeheimnisses bestätigt habe."
e-52a5ab44b8,2019-01-25,day,USA,usa-nyag-fca,rule_change,HHS-OIG approves New York False Claims Act (section 1909 review),HHS-OIG found the state's false claims act qualifies for the Social Security Act section 1909 incentive (10 extra percentage points of Medicaid recoveries). The date is the latest review listed; earlier approvals may exist.,usa-hhsoig-state-fca-reviews-2026,"State Laws Reviewed by OIG, Approved",New York (1/25/19)
e-d256de3fc1,2019-01-25,day,USA,usa-caag-fca,rule_change,HHS-OIG approves California False Claims Act (section 1909 review),HHS-OIG found the state's false claims act qualifies for the Social Security Act section 1909 incentive (10 extra percentage points of Medicaid recoveries). The date is the latest review listed; earlier approvals may exist.,usa-hhsoig-state-fca-reviews-2026,"State Laws Reviewed by OIG, Approved",California (1/25/19)
e-862d2caaf4,2019-02-27,day,CAN,can-osc-wb,award,First OSC whistleblower awards (CAD 7.5 million),"Three whistleblowers awarded CAD 7,499,000 on separate matters, the first awards by a Canadian securities regulator.",can-osc-nr-award-2019-02-27,"news release, para 1",These whistleblower awards are the first ever by a Canadian securities regulator.
e-7f391942fb,2019-03-14,day,LTU,ltu-kt-cartel-rewards,legal,Lithuania lets its competition authority pay whistleblowers,"The Seimas adopts amendments to the Law on Competition allowing the Competition Council to pay a one-off reward of 1% of fines (EUR 1,000-100,000) for information on anti-competitive agreements.",ltu-kt-news-law-amendments-2019,news text,"Konkurencijos taryba would pay whistleblowers a single payment (from EUR 1,000 to EUR 100,000) constituting 1 percent of the fines imposed on the infringers"
e-c1c14477d1,2019-04,month,AUS,,context,Australian government defers a whistleblower reward scheme,The government only 'notes' the reward recommendations and says a post-implementation review will assess the merit and cost of a rewards scheme.,aus-treasury-govt-response-pjc-whistleblower-2019,"PDF p. 15, response to Recommendation 11.1",This will provide the opportunity to assess the merit and cost case of a rewards scheme when the present reforms have had a reasonable time to operate and further information is available.
e-2f99fcd152,2019-04-30,day,USA,usa-sec-wb,context,Investor Protection Fund replenished,Fund fell below $300 million on 31 March 2019 and was replenished with $156.5 million on 30 April 2019.,usa-sec-owb-ar-2019,p. 29 (printed),"On March 31, 2019, the fund fell below $300 million. On April 30, 2019, the Fund was replenished in the amount of $156.5 million"
e-ffc9b1412c,2019-07-01,day,LTU,ltu-kt-cartel-rewards,launch,Lithuanian Competition Council rewards take effect,Rewards for evidence of cartels and other anti-competitive agreements become available from 1 July 2019.,ltu-kt-news-remuneration-procedure-2019,"news text, para 1",From July 1 persons who provide evidence enabling Konkurencijos taryba to detect anti-competitive agreements will be entitled to a financial reward.
e-aeff92083b,2019-07-01,day,USA,usa-irs-wbo,legal,Taxpayer First Act 2019: status updates and anti-retaliation protection,"The Taxpayer First Act (signed 1 July 2019) requires the Whistleblower Office to tell whistleblowers whether information was referred for examination and tax paid, give status updates on request and reasons for 7623(b) award determinations, and adds protection against employer retaliation.",usa-irs-wbo-ar-fy2019,"PDF p. 3, Message from the Director","effective July 1, 2019, the Taxpayer First Act of 2019 (TFA 2019) added, to IRC § 7623, several important provisions"
e-41409f1e95,2019-07-01,day,USA,usa-irs-wbo,legal,Section 7623(d) anti-retaliation protection enacted,"Taxpayer First Act (Pub. L. 116-25 § 1405(b)) adds section 7623(d): employees can complain to the Labor Department within 180 days and get reinstatement, double back pay and costs.",usa-uscode-26usc7623-2023,"PDF p. 3, amendment notes",2019—Subsec. (d). Pub. L. 116–25 added subsec. (d).
e-7f9790af80,2019-10-23,day,INTL,,legal,EU Whistleblowing Directive (2019/1937) adopted,"EU-wide minimum protection for people who report breaches of EU law; protection only, no rewards. Member States had to transpose it by 17 December 2021.",euu-eurlex-directive-2019-1937,title; Article 26(1),"Member States shall bring into force the laws, regulations and administrative provisions necessary to comply with this Directive by 17 December 2021."
e-97a84f7591,2019-10-23,day,INTL,intl-eu-wb-directive,legal,EU Whistleblower Directive adopted (protection only),Directive (EU) 2019/1937 sets minimum protection standards for people reporting breaches of EU law; it provides no financial rewards. Transposition due 17 Dec 2021 (17 Dec 2023 for internal channels in firms with 50-249 workers).,intl-eu-directive-2019-1937,"Art. 26, OJ L 305 p. 52","Member States shall bring into force the laws, regulations and administrative provisions necessary to comply with this Directive by 17 December 2021."
e-0cdaeb4c06,2020-01-01,day,KOR,kor-acrc-rewards,launch,Public Funds Recovery Act takes effect with 30% rewards,"The Act on the Prohibition of Fraudulent Claims for Public Funds and the Recovery of Unjust Profits (enacted 16 Apr 2019) takes effect: fraudulent claims are recovered in full with surcharges up to five times, and reporters get 30% of the recovery, up to KRW 3 billion.",kor-moleg-pfra-decree-2020,reason statement (제정이유),30억원 한도 내에서 보상대상가액의 30퍼센트에 해당하는 보상금을 지급할 수 있음
e-1ab6181929,2020-02-21,day,USA,,scandal,Wells Fargo pays $3 billion over fake accounts,DOJ/SEC resolution of the sales-practices scandal.,usa-doj-wells-fargo-pr-2020,headline,Wells Fargo Agrees to Pay $3 Billion to Resolve Criminal and Civil Investigations into Sales Practices
e-30c2653a79,2020-06-04,day,USA,usa-sec-wb,award,Record SEC award of nearly $50 million to one individual,Then the largest single-person award.,usa-sec-owb-ar-2020,p. 10 (printed),"On June 4, 2020, the Commission announced a nearly $50 million whistleblower award to an individual"
e-0dadd3d91f,2020-09-23,day,USA,usa-sec-wb,rule_change,SEC adopts 2020 whistleblower rule amendments,Effective 7 Dec 2020: presumption of maximum award for awards of $5m or less; awards based on DOJ DPAs/NPAs and SEC non-judicial settlements; uniform 'whistleblower' definition after Digital Realty (must report in writing to the SEC).,usa-sec-owb-ar-2020,p. 33 (printed),"On September 23, 2020, the Commission voted to adopt amendments to the Whistleblower Rules ... The amendments will become effective on December 7, 2020."
e-5802653e39,2020-10-22,day,USA,usa-sec-wb,award,Record SEC award of $114 million,Largest award to that date.,usa-sec-owb-ar-2020,"p. 1, fn 2",the Commission issued the largest award to date under the program when it granted a $114 million award to a whistleblower
e-1b3649c350,2021-01-01,day,USA,usa-fincen-aml-wb,rule_change,"Anti-Money Laundering Act of 2020 (NDAA FY2021, section 6314) updates AML whistleblower awards",Section 6314 rewrote 31 U.S.C. 5323: awards of up to 30% of sanctions collected in Bank Secrecy Act actions over $1 million.,usa-congress-pl116-283-2021,"Sec. 6314, 134 Stat. 4599 (PDF p. 1213)","in an aggregate amount equal to not more than 30 percent, in total, of what has been collected of the monetary sanctions imposed in the action or related actions"
e-6f61f8c8c3,2021-01-01,day,USA,usa-fincen-aml-wb,legal,Anti-Money Laundering Act of 2020 rewrites the BSA whistleblower provision,"Section 6314 of the AML Act (in the FY21 NDAA) replaces the old informant rewards with awards of up to 30 percent of sanctions over $1 million, subject to appropriations.",usa-fincen-wb-nprm-2026,"PDF p. 1 (91 FR 16328), section II.A","On January 1, 2021, Congress enacted the FY21 NDAA, which included the AML Act as a component."
e-62f9f10341,2021-01-01,day,USA,usa-treasury-karrp,legal,Kleptocracy Asset Recovery Rewards Act enacted,FY21 NDAA creates a three-year Treasury pilot paying up to $5 million per reward for information leading to recovery of stolen assets linked to foreign corruption.,usa-pl-116-283-ndaa-fy2021,"sec. 9703(a)(1), 134 Stat. 4834",There is established in the Department of the Treasury a program to be known as the
e-6449f67153,2021-01-07,day,USA,,scandal,"Boeing 737 MAX deferred prosecution agreement, over $2.5 billion",Boeing charged with conspiracy to defraud the FAA.,usa-doj-boeing-dpa-pr-2021,headline,Boeing Charged with 737 Max Fraud Conspiracy and Agrees to Pay over $2.5 Billion
e-b758fa4230,2021-01-28,day,KOR,kor-acrc-rewards,context,Record year for reward payments (2020),"The ACRC reports KRW 5.53 billion in rewards, awards and relief paid in 2020, the largest yearly total so far, with KRW 71.2 billion recovered.",kor-acrc-pr-2021-01-28,p. 1,지난 한 해 동안 지급한 부패‧공익 신고 보상금 등 55억여 원은 역대 최대 규모다
e-2c22a7fe80,2021-06-01,day,SVK,svk-pmu-cartel-rewards,legal,New Slovak Competition Act keeps the cartel informant reward,"Act 187/2021 replaces Act 136/2001 and keeps the 1% / EUR 100,000 reward in § 53, as a legal entitlement.",svk-zz-2021-187-competition-act,Čl. IV (final article),Tento zákon nadobúda účinnosť 1. júna 2021.
e-aec3ab5086,2021-07-06,day,USA,usa-cftc-wb,legal,Congress sets aside $10 million of the CFTC Customer Protection Fund,"Pub. L. 117-25 moved $10 million to a separate account to fund non-whistleblower costs (WBO and customer education) when the Fund is insufficient, available until 1 Oct 2022.",usa-cftc-wb-ar-2021,"p. 13, footnote 28","On July 6, 2021, Pub. L. 117-25 set aside $10 million from the Fund in a separate account to fund non-whistleblower costs when the unobligated balance of the Fund is insufficient."
e-ab4e7ef33e,2021-09-15,day,USA,usa-sec-wb,award,SEC cumulative awards pass $1 billion,Two awards totalling $114 million took total awards above $1 billion.,usa-sec-owb-ar-2021,"p. 1, footnote 1","Press Release, SEC Surpasses $1 Billion in Awards to Whistleblowers with Two Awards Totaling $114 Million, No. 2021-117 (Sept. 15, 2021)."
e-e88da859d3,2021-10-21,day,USA,usa-cftc-wb,award,CFTC record award of nearly $200 million,Largest award to a single whistleblower at the time; press reports tie it to Deutsche Bank's Libor case.,usa-cftc-wb-pr-8453-21,subheading,Largest Award to a Single Whistleblower
e-7e83fc37f2,2021-10-21,day,USA,usa-cftc-wb,award,Record CFTC award of nearly $200 million,Largest Dodd-Frank whistleblower award at that time.,usa-cftc-wb-ar-2022,p. 4,an unprecedented award of nearly $200 million to a single whistleblower
e-c85947ecd9,2021-11-09,day,USA,usa-nhtsa-wb,award,NHTSA's first whistleblower award: more than $24 million (Hyundai/Kia),First award under NHTSA's vehicle-safety whistleblower authority.,usa-nhtsa-pr-first-wb-award-2021,para 1,The National Highway Traffic Safety Administration today announced it is making its first ever whistleblower award.
e-2dcf91fe11,2021-11-09,day,USA,usa-nhtsa-wb,award,NHTSA's first whistleblower award ($24.3 million),"NHTSA announces its first award, the statutory maximum of 30 percent of $81 million collected from Hyundai and Kia over Theta II engine recalls.",usa-nhtsa-pr-first-wb-award-2021,"press release, para 1",The National Highway Traffic Safety Administration today announced it is making its first ever whistleblower award.
e-5169b87265,2022,year,CAN,can-osc-wb,context,OSC publishes five-year review and plans to amend its policy,The 2016-2022 update says the OSC plans to explore amendments to issue awards in more cases and potentially larger amounts.,can-osc-wb-update-2022,section 'Looking Ahead',"We plan to explore amendments to our Policy with the goal of enhancing our recognition of whistleblower contributions, such as by issuing awards in more cases and awarding potentially larger amounts."
e-9bfe7c97ba,2022-03,month,USA,usa-treasury-karrp,launch,Kleptocracy rewards pilot launched,Treasury launches the pilot (March 2022).,usa-house-rpt-119-370-2025,"PDF p. 2, Background","The pilot program launched in March 2022, and the program lapsed on January 1, 2024."
e-a6172c05bf,2022-05-09,day,USA,usa-irs-wbo,context,John W. Hinman selected as Whistleblower Office director,,usa-irs-wbo-ar-fy2021,"PDF p. 3, Message from the Director","On May 9, 2022, John W. Hinman was selected as Director of the Whistleblower Office."
e-b2b12f1a29,2022-08-26,day,USA,usa-sec-wb,rule_change,SEC adopts 2022 whistleblower rule amendments,"Effective 3 Oct 2022: awards allowed on related actions covered by other agencies' programmes in some cases; SEC will only use award size to increase, never decrease, an award.",usa-sec-owb-ar-2022,p. 4,"In FY 2022, the Commission also adopted two amendments to the rules governing the Whistleblower Program."
e-0efe33bdb8,2022-12,month,GHA,gha-whistleblower-fund,rule_change,Cabinet approves amendment to operationalise the Reward Fund,"Ghana's Attorney-General says Cabinet approved an amendment so that 10% of income generated by a whistleblower's efforts is paid to them, to be laid before Parliament.",gha-gna-amendment-2022,article text,"Ten (10) percent of the income directly generated by the whistleblower's efforts which were paid to the whistleblower, was approved by Cabinet last week and would be laid in Parliament before the end of the year."
e-ee2a78cfa0,2022-12-13,day,USA,,scandal,Danske Bank pleads guilty; $2 billion forfeiture,Resolution of the Estonian branch laundering case exposed by Howard Wilkinson.,usa-doj-danske-plea-pr-2022,subheading,Largest Bank in Denmark Agrees to Forfeit $2 Billion
e-145e03a43f,2022-12-19,day,USA,usa-sec-wb,legal,SEC Inspector General audit of the whistleblower programme (Report No. 575),"Found a claims backlog (average 1,116 days from NoCA close to Final Order, FY2017-21), Claims Review Staff decisions approved with most members absent or recused, inaccurate tracking data and slow hotline responses; eight recommendations, all accepted.",usa-sec-oig-575-2022,"Executive summary, p. i","The report contains eight recommendations that should help further increase efficiencies, better prepare for future whistleblower program growth"
e-6bd2a023cf,2022-12-29,day,USA,usa-fincen-aml-wb,legal,AML Whistleblower Improvement Act,"Extends the programme to sanctions (IEEPA, TWEA) and Kingpin Act violations, sets a 10 percent minimum award and creates the Financial Integrity Fund.",usa-fincen-wb-nprm-2026,"PDF p. 2 (91 FR 16329), section II.A",The AML Whistleblower Improvement Act mandated that eligible whistleblowers receive a minimum of 10 percent of monetary sanctions collected in covered actions or related actions
e-224098d254,2022-12-29,day,USA,usa-fincen-aml-wb,legal,"AML Whistleblower Improvement Act enacted (Pub. L. 117-328, div. AA, title IV)","Section 401 rewrote 31 U.S.C. 5323(b): awards become mandatory at 10 to 30 percent of collected sanctions, paid from a new revolving Financial Integrity Fund (no longer subject to appropriations), and the programme covers sanctions (IEEPA, TWEA) and Kingpin Act violations.",usa-congress-pl117-328-2022,"PDF p. 1078 (136 Stat. 5536), sec. 401(a)","(A) not less than 10 percent, in total, of what has been collected of the monetary sanctions imposed in the action or related actions; and (B) not more than 30 percent"
e-1cc7d6171a,2023-02-14,day,INTL,,legal,ECHR Grand Chamber: Halet v. Luxembourg,"LuxLeaks whistleblower Raphaël Halet's conviction violated Article 10 (freedom of expression); EUR 15,000 damages plus EUR 40,000 costs.",intl-echr-halet-gc-2023,operative provisions,"Holds, by twelve votes to five, that there has been a violation of Article 10"
e-10982fb51a,2023-04-14,day,USA,usa-nhtsa-wb,rule_change,NHTSA proposes whistleblower rules (49 CFR Part 513),Proposed rule implementing 49 U.S.C. 30172.,usa-nhtsa-wb-nprm-2023,"PDF p. 1 (88 FR 23276), DATES","All comments should be submitted early enough to ensure that the Department of Transportation Docket Management receives them not later than June 13, 2023."
e-4c03725661,2023-05-05,day,USA,usa-sec-wb,award,SEC record award of nearly $279 million,"Largest SEC whistleblower award, more than double the October 2020 record of $114 million.",usa-sec-wb-pr-2023-89,para 1,more than doubling the $114 million whistleblower award the SEC issued in October 2020
e-c57506dbc3,2023-05-05,day,USA,usa-sec-wb,award,Record SEC award of almost $279 million,"Largest award in the programme's history, to one whistleblower.",usa-sec-owb-ar-2023,p. 1,These totals include a single award for almost $279 million—the largest in the history of the Program.
e-19e1673ea0,2023-06-06,day,GBR,gbr-cma-cartel-rewards,rule_change,"CMA raises cartel informant reward cap to £250,000","The Competition and Markets Authority raises the maximum reward for information about cartels from £100,000 to £250,000.",gbr-cma-news-cartel-reward-2023,"news text, para 1","offering a reward of up to £250,000, increased from £100,000, to people who tell the CMA about unlawful cartel activity they have witnessed"
e-fd16618b0e,2023-06-08,day,USA,usa-irs-wbo,context,TIGTA audit: data gaps and late Taxpayer First Act notices,"TIGTA report 2023-35-031 finds the Whistleblower Office does not capture data to judge whether productive claims are referred, and notices to whistleblowers were not always sent or timely.",usa-tigta-wbo-audit-2023,"PDF p. 2, Highlights",TIGTA found that the Whistleblower Office does not capture all of the data that could be used to determine whether the whistleblower claims with the most potential to be productive are being referred for enforcement.
e-bdd6828c42,2023-06-16,day,USA,usa-fca-qui-tam,legal,Supreme Court: government may dismiss qui tam suits it joins at any stage (Polansky),"8-1 decision (Kagan, J.): the government may move to dismiss a qui tam suit whenever it has intervened, during the seal period or later; courts apply the ordinary Rule 41(a) standard. Justice Thomas, dissenting, and Justice Kavanaugh (with Barrett), concurring, said there are substantial arguments that qui tam is inconsistent with Article II and that the Court should consider the issue in an appropriate case.",usa-scotus-polansky-2023,"Syllabus, p. 2 (Held); Kavanaugh concurrence, p. 1",The Government may move to dismiss an FCA action under §3730(c)(2)(A) whenever it has intervened—whether during the seal period or later on.
e-78868b311b,2023-09-29,day,USA,usa-sec-wb,legal,Largest stand-alone Rule 21F-17 penalty: D.E. Shaw ($10 million),SEC charged D.E. Shaw & Co. for agreements that impeded reporting to the SEC; $10 million civil penalty.,usa-sec-owb-ar-2023,p. 7,"an action that resulted in a $10 million civil penalty, the largest ever for a stand-alone Rule 21F-17 action"
e-08cd18d0e7,2023-12-19,day,KOR,kor-acrc-rewards,rule_change,Public-interest reward band raised to 4-30%,"For public-interest reports filed from 19 Dec 2023 the reward range rises from 4-20% to 4-30%, and the award maximum from 200 to 500 million won.",kor-acrc-ar-2025,PDF p. 89,"whereas for reports filed on or after December 19, 2023, it shall be within the range of 4% to 30%"
e-6e44305b8c,2024,year,USA,usa-fca-qui-tam,legal,Zafirov: district court holds FCA qui tam provisions unconstitutional,The Middle District of Florida held that relators are officers who must be appointed under Article II and dismissed Dr Zafirov's qui tam suit (751 F. Supp. 3d 1293).,usa-ca11-zafirov-2026,p. 4,"751 F. Supp. 3d 1293, 1304 (M.D. Fla. 2024)"
e-13afa7c7b2,2024-01-01,day,USA,usa-treasury-karrp,closure,Kleptocracy rewards pilot lapses,Statutory sunset three years after enactment; Treasury stopped accepting information.,usa-treasury-karrp-page-2026,page text,"The Kleptocracy Assets Recovery Rewards program lapsed on January 1, 2024."
e-dae9661472,2024-01-09,day,KOR,kor-acrc-rewards,rule_change,National Assembly passes abolition of the public-interest reward cap,The PIWPA amendment removing the KRW 3 billion cap (rewards up to 30% of the recovery) passes the National Assembly; it applies to reports filed after it takes effect (7 Aug 2024).,kor-acrc-pr-2024-01-15,p. 1,공익신고자에 대한 보상금 지급 한도(30억 원)를 없애고
e-9c8f2504eb,2024-01-16,day,USA,usa-sec-wb,legal,Record anti-impeding penalty: J.P. Morgan Securities $18 million,"JPMS agreed to an $18 million civil penalty for impeding whistleblowers (Rule 21F-17), the highest for this kind of action; 11 such actions in FY2024.",usa-sec-owb-ar-2024,p. 1 and p. 10,"include one that resulted in an $18 million penalty, the highest penalty to date for an action of this kind"
e-ec53f82c91,2024-02-13,day,GBR,,context,SFO Director: 'we should pay whistleblowers',"In a speech at RUSI, the new Director of the Serious Fraud Office, Nick Ephgrave, calls for paying whistleblowers, citing the US system.",gbr-sfo-speech-rusi-2024,speech text,I think we should pay whistleblowers.
e-93e5a998e8,2024-03-14,day,USA,usa-cftc-wb,award,First CFTC award to a compliance officer,About $1.25 million under the 120-day internal-reporting exception.,usa-cftc-wb-ar-2024,p. 5,This award was significant because it marked the first time the CFTC awarded a compliance officer.
e-10758be7cc,2024-04-17,day,USA,,context,Senate hearing with Boeing whistleblowers,The Permanent Subcommittee on Investigations heard Sam Salehpour and others on Boeing's safety culture and retaliation.,usa-senate-psi-boeing-opening-2024,p. 1,"Our purpose today is to hear from whistleblowers who have personal, eyewitness, factual stories to tell about Boeing"
e-3a71b07bd1,2024-08-01,day,USA,usa-doj-cwap,launch,DOJ Corporate Whistleblower Awards Pilot Program begins,"Three-year DOJ Criminal Division pilot paying discretionary awards from forfeitures over $1 million: up to 30% of the first $100 million net forfeited, up to 5% from $100-500 million.",usa-doj-cwap-guidance-2026,p. 1-2,"has been effective since August 1, 2024"
e-4047da78ae,2024-08-01,day,USA,usa-doj-cwap,launch,DOJ Corporate Whistleblower Awards Pilot Program starts,"Three-year pilot paying awards from forfeited assets for tips on corporate crime in four initial areas (financial institutions, foreign corruption by non-issuers, domestic corruption, private health-care fraud).",usa-doj-cwap-factsheet-2024,PDF p. 1,"Starting August 1, 2024, whistleblowers can submit original information to DOJ’s Criminal Division about certain types of corporate crime"
e-35331e4dcf,2024-08-07,day,KOR,kor-acrc-rewards,rule_change,Cap on public-interest rewards abolished,No maximum reward for public-interest reports filed on or after 7 Aug 2024.,kor-acrc-ar-2025,PDF p. 89,"no maximum limit applies to reports filed on or after August 7, 2024."
e-9eb556e0f3,2024-09-04,day,USA,usa-cftc-wb,rule_change,CFTC amends Part 165 whistleblower rules,"eCFR shows Part 165 sections amended at 89 FR 71820 (Sept. 4, 2024); content not reviewed here.",usa-ecfr-17cfr165-2026,Source notes in 17 CFR 165,"as amended at 82 FR 24497, May 30, 2017; 89 FR 71820, Sept. 4, 2024"
e-5f9638f0da,2024-09-27,day,KOR,kor-acrc-rewards,rule_change,Public-funds rewards move from flat 30% to a 4-30% sliding scale,"Decree 34920 replaces the flat 30% for fraudulent-claims reports with the same sliding scale used for corruption reports, keeping the KRW 3 billion cap.",kor-moleg-pfra-decree-2024,reason statement (개정이유),부정청구 등을 신고한 자에 대한 보상금 산정 기준을 보상대상가액의 액수에 따라 세분화하는
e-c5119e160e,2024-09-30,day,USA,usa-fca-qui-tam,legal,District court holds FCA qui tam unconstitutional (Zafirov),"Judge Mizelle (M.D. Fla.) held that relators are officers of the United States who are not appointed under Article II, so the qui tam provision violates the Appointments Clause; she dismissed Dr. Clarissa Zafirov's Medicare Advantage fraud suit (751 F. Supp. 3d 1293). The United States and the relator appealed (11th Cir. No. 24-13581).",usa-flmd-zafirov-order-2024,p. 52,"Because Zafirov initiated this FCA action when unconstitutionally appointed, I grant the defendants’ motion for judgment on the pleadings and dismiss the case."
e-1cd7032d18,2024-10-30,day,GBR,gbr-hmrc-srs,context,Autumn Budget 2024 promises stronger HMRC informant rewards,The government commits to strengthening HMRC's scheme for rewarding informants about high-value tax fraud and avoidance.,gbr-hmt-autumn-budget-2024,"Chapter 5, 'Closing the tax gap'","Rewards for informants – The government will strengthen HMRC’s scheme for rewarding informants, to encourage reporting of high value tax fraud and avoidance."
e-7f9cf59f4a,2024-12-17,day,USA,usa-nhtsa-wb,rule_change,NHTSA final whistleblower rule,"Final 49 CFR Part 513 published, effective 16 Jan 2025: forms, anonymous filing through a legal representative, 90-day claim window.",usa-nhtsa-wb-finalrule-2024,"PDF p. 1 (89 FR 101952), DATES","Effective date: This rule is effective January 16, 2025."
e-81165277bb,2025,year,USA,usa-fca-qui-tam,legal,Relator trial verdict of $1.6 billion against Janssen (Penelow),"In a case the relators pursued, a jury returned a $1.6 billion verdict in U.S. ex rel. Penelow v. Janssen Products LP (Prezista and Intelence promotion); listed in DOJ's FY2025 fact sheet. Exact verdict date not given in the fact sheet.",usa-doj-fca-factsheet-2025,"p. 2-3, ""Prescription Drugs""","U.S. ex rel. Penelow v. Janssen Products LP, resulting in a $1.6 billion verdict"
e-7f2cf2336e,2025-03-03,day,USA,usa-nhtsa-wb,rule_change,NHTSA delays enforcing the whistleblower rule to 20 March 2025,Notice of enforcement discretion so new officials can review the rule.,usa-nhtsa-wb-rule-2025,"PDF p. 1 (90 FR 11029), SUMMARY","will not enforce the requirements of the final rule titled ‘‘Implementing the Whistleblower Provisions of the Vehicle Safety Act’’ until March 20, 2025."
e-3024b250ff,2025-03-11,day,GBR,gbr-hmrc-srs,context,Treasury minister announces a percentage-based HMRC reward scheme,"The Exchequer Secretary announces a new HMRC scheme for informants, inspired by US and Canadian models, paying a percentage of the tax collected, to launch later in 2025.",gbr-hmt-speech-hmrc20-2025,speech text,I am glad to announce today that HMRC will launch a new reward scheme for informants later this year
e-2723eff6c3,2025-04-03,day,GBR,,context,SFO plan includes a whistleblower incentivisation scheme,SFO's annual plan commits to advancing plans for a whistleblower incentivisation scheme.,gbr-sfo-news-plan-2025,news text,advancing plans for a whistleblower incentivisation scheme.
e-740c0a6da8,2025-05,month,USA,usa-doj-cwap,rule_change,DOJ pilot expanded to four more priority areas,"After the Criminal Division memo of 12 May 2025, the pilot added areas such as trade, tariff and customs fraud, immigration violations, sanctions and cartels.",usa-doj-cwap-factsheet-2026,p. 1,"In May 2025, the CWA expanded to cover four additional priority areas of focus."
e-8eabf44dc3,2025-05-07,day,USA,usa-doj-atr-wb,legal,"Antitrust Division, USPS and USPS OIG sign whistleblower rewards MOU",MOU lets the Postal Service pay rewards out of criminal antitrust fines in cases affecting the mail.,usa-doj-atr-usps-wb-mou-2025,"PDF p. 11, section H",This MOU becomes effective on the latest of the three dates it is signed by the Parties
e-4f6596bb40,2025-05-12,day,USA,usa-doj-cwap,rule_change,CWA pilot expanded to new priority areas,"Criminal Division memo adds subject areas including cartels and transnational criminal organisations, immigration violations by companies, sanctions, procurement fraud and trade/tariff fraud.",usa-doj-crm-memo-whitecollar-2025,PDF p. 5,"effective immediately, I am directing the following amendments to the Criminal Division’s Corporate Whistleblower Awards Pilot Program to reflect priority areas of focus."
e-e75f8c8ce5,2025-07,month,USA,usa-doj-atr-wb,launch,Antitrust Whistleblower Rewards Program launched,Programme announced in July 2025 (month from a law-firm alert).,usa-crowell-atr-first-award-2026,para 3,Launched in July 2025 as a partnership between the Division and Postal Service
e-d20c7befa9,2025-11-04,day,USA,usa-treasury-karrp,legal,House committee reports bill to revive kleptocracy rewards (H.R. 5344),Financial Services Committee reports H.R. 5344 (introduced 15 Sep 2025) to re-establish the programme.,usa-house-rpt-119-370-2025,PDF p. 1,to amend the Kleptocracy Asset Recovery Rewards Act to extend the Kleptocracy Asset Recovery Rewards Pilot Program
e-fbc27c92ae,2025-11-26,day,GBR,gbr-hmrc-srs,launch,HMRC Strengthened Reward Scheme announced,On Budget day HMRC publishes guidance for a new reward scheme: 15-30% of tax collected when at least £1.5 million is recovered from serious avoidance or evasion; discretionary.,gbr-hmrc-srs-guidance-2025,guidance text,The Strengthened Reward Scheme is for individuals who report serious tax avoidance or evasion.
e-6a4ec92c34,2025-11-27,day,GBR,gbr-hmrc-srs,context,"Treasury: annual totals only, no counts or individual rewards","Answering a written question, the Treasury confirms the scheme launched on 26 Nov 2025 and says HMRC will keep publishing the annual total of rewards but not the number or size of rewards.",gbr-parliament-wq-93208-2025,answer text,To protect the confidentiality of informants we do not publish the number of rewards or size of individual rewards.
e-eabf37eeb0,2025-12-08,day,GBR,,context,Anti-Corruption Strategy: government to assess financial incentives for reporting economic crime,The UK Anti-Corruption Strategy commits to consider the Fisher review's findings on incentivising whistleblowers and assess the feasibility of financial incentive schemes.,gbr-ho-anti-corruption-strategy-2025,"PDF p. 22 (printed p. 21), para 39.III",assess the feasibility of introducing financial incentive schemes and support for individuals reporting economic crime
e-c17bccea7d,2025-12-10,day,KOR,kor-acrc-rewards,award,Record corruption reward of KRW 1.82 billion,"Largest reward to one person since 2002, for a report on unlawful free transfer of public land in a redevelopment project.",kor-acrc-pr-2025-12-10,p. 1,역대 최고 보상금 18억 2천만 원을 지급했다고
e-d27b8a6b02,2026,year,AUS,,context,Treasury opens statutory review of tax and corporate whistleblowing laws,Treasury's statutory review under s 1317AK of the Corporations Act consults until 29 July 2026; press reports say the paper discusses financial incentives (paper not read).,aus-treasury-review-whistleblowing-2026,"review page, 'Process'",Help us identify issues by responding to this consultation by 29 July 2026 .
e-246dc3fd0f,2026,year,USA,usa-fincen-aml-wb,context,FinCEN: awards only after a final rule,FinCEN's programme page says it will begin processing and paying awards once the implementing regulation is final; no award has been paid under the 2021 law.,usa-fincen-wb-page-2026,Awards section,"Once that regulation is finalized, FinCEN will begin processing and paying awards."
e-360dce5717,2026-01-16,day,USA,usa-fca-qui-tam,award,"Record FCA year: over $6.8 billion and 1,297 qui tam suits in FY2025",DOJ reported the highest annual FCA settlements and judgments in the Act's history and a record number of qui tam filings (previous record 980 in FY2024).,usa-doj-fca-pr-fy2025,press release text,That amount is the highest in a single year in the history of the False Claims Act.
e-6b0c4b359a,2026-01-29,day,USA,usa-doj-atr-wb,award,First antitrust whistleblower award ($1 million),$1 million reward for information leading to EBLOCK Corporation's deferred prosecution agreement and $3.28 million fine.,usa-doj-atr-pr-first-wb-award-2026,"press release, para 1",The Antitrust Division today announced its first-ever whistleblower reward
e-c6d90090c1,2026-02-13,day,USA,usa-fincen-aml-wb,context,FinCEN bulletin seeks fraud-related tips,"First whistleblower bulletin, asking for tips on BSA and sanctions violations linked to fraud.",usa-fincen-wb-updates-2026,Bulletins list,FinCEN Whistleblower Bulletin: Blow the Whistle on Fraud-Related AML and Sanctions Violations
e-b7b1a83f43,2026-03-30,day,USA,usa-fincen-aml-wb,rule_change,FinCEN proposes rule to pay whistleblowers,FinCEN submits its proposed whistleblower rule to the Federal Register (10-30 percent awards).,usa-fincen-pr-nprm-2026,"press release, para 1","Today, the U.S. Department of the Treasury’s Financial Crimes Enforcement Network (FinCEN) submitted to the Federal Register a Notice of Proposed Rulemaking (NPRM)"
e-4ef32e95ec,2026-04-01,day,USA,usa-fincen-aml-wb,rule_change,Whistleblower NPRM published,Proposed 31 CFR 1010.930 published; comments due 1 June 2026. No awards are paid until a final rule.,usa-fincen-wb-nprm-2026,"PDF p. 1 (91 FR 16328), DATES","Written comments on this proposed rule must be submitted on or before June 1, 2026."
e-49c786430f,2026-06-03,day,GBR,,context,SFO Director backs a whistleblower incentivisation scheme,SFO Director says he supports an incentivisation scheme for the SFO; over 700 UK nationals provided intelligence to US programmes between 2012 and 2023.,gbr-sfo-speech-conference-2026,"speech text, 'Whistleblower Incentivisation'",I am a strong advocate for generating human intelligence and I support a whistleblower incentivisation scheme for the SFO.
e-b98d570fc6,2026-07-13,day,GBR,gbr-hmrc-srs,rule_change,Draft law: 45% tax withheld from Strengthened Reward Scheme payments,HMRC publishes draft Finance Bill 2026-27 legislation requiring it to deduct income tax at the additional rate (45%) from rewards under the Strengthened Reward Scheme; effective from Royal Assent.,gbr-hmrc-srs-withholding-tiin-2026,section 'General description of the measure',receive this payment with Income Tax due deducted at source at the additional rate of 45%
e-c9bfa1bd6e,2026-07-14,day,GBR,,context,Independent review recommends SFO whistleblower rewards,"The Fisher review's second report recommends legislation letting the Serious Fraud Office financially reward whistleblowers, with a consultation on scheme design, plus offences for false reports and harassment.",gbr-fisher-review-fraud-digital-age-2026,"PDF p. 146, Recommendation 15",Make legislative provision for the Serious Fraud Office to financially reward whistleblowers. The Government should launch a consultation to inform the design of a suitable scheme.
e-6766b29f6f,2026-07-14,day,KOR,kor-acrc-rewards,rule_change,Flat 30% reward and cap abolition proposed,"ACRC pre-announces amendments to the enforcement decrees of three laws: a flat 30% of recovered revenue instead of the 4-30% sliding scale, and removal of the 3 billion won cap on corruption and public-funds rewards.",kor-asiae-decree-2026,article text,수입회복액 규모와 상관없이 일괄 30%를 지급하는 방식으로 개편
e-b03b1069ea,2026-07-30,day,USA,usa-doj-cwap,rule_change,CWA pilot guidance revised,Revised guidance: eligibility under another whistleblower programme no longer automatically bars an award (only duplicate awards are excluded); submissions through a new online intake portal.,usa-doj-cwap-guidance-2026,"PDF p. 2, footnote 3",being eligible for another whistleblower program no longer automatically renders a whistleblower ineligible for an award
e-e7580d76f6,2026-08,month,USA,usa-doj-cwap,context,"New CWA intake portal; over 1,800 tips since launch","DOJ fact sheet reports over 1,800 tips in two years and a new intake portal. No award has been announced.",usa-doj-cwap-factsheet-2026,PDF p. 1,"This month, we unveiled a new intake portal to improve the efficiency of the program"
e-5669407e3d,2026-09-01,day,USA,usa-fca-qui-tam,legal,Eleventh Circuit upholds qui tam under the Appointments Clause (Zafirov),"The appeals court vacated the 2024 dismissal, joining other circuits, and remanded for the remaining Take Care and Vesting Clause arguments.",usa-ca11-zafirov-2026,p. 3,we join our sister circuits that have addressed this issue and hold that the qui tam provisions of the FCA do not violate the Appointments Clause.
e-8565faeb25,2026-09-01,day,USA,usa-fca-qui-tam,legal,Eleventh Circuit reverses Zafirov: qui tam does not violate the Appointments Clause,"Published opinion (Branch, J.): relators do not occupy a continuing position established by law, so they are not officers; joins the 5th, 6th, 9th and 10th Circuits. District court order vacated and case remanded for the Take Care and Vesting Clause arguments, which remain open.",usa-ca11-zafirov-opinion-2026,p. 3 and p. 18,we join our sister circuits that have addressed this issue and hold that the qui tam provisions of the FCA do not violate the Appointments Clause.
e-96ee9a897b,2026-09-10,day,USA,usa-fincen-aml-wb,context,FinCEN bulletin seeks Iran-related tips,Bulletin asking for tips on Iran-related BSA and sanctions violations.,usa-fincen-wb-updates-2026,Bulletins list,FinCEN Whistleblower Bulletin: Blow the Whistle on Iran-Related Illicit Finance
e-1460d093ec,2026-09-22,day,KOR,kor-acrc-rewards,rule_change,Cabinet approves flat 30% rewards with no cap,"The Cabinet approves amendments to the three enforcement decrees (ACRC Act, PIWPA, Public Funds Recovery Act); from 29 Sep 2026 rewards are 30% of the recovered amount with no KRW 3 billion cap.",kor-acrc-pr-2026-09-22,p. 1,오늘(22일) 국무회의 의결…오는 9월 29일부터 시행
e-7acc335efe,2026-09-29,day,KOR,kor-acrc-rewards,rule_change,Flat 30% rewards with no cap take effect,Cabinet approved the decree amendments on 22 Sep 2026; from 29 Sep 2026 applications get 30% of recovered revenue with no upper limit.,kor-sbs-decree-2026,article text,"개정된 시행령은 이달 29일부터 시행되며, 새로운 기준은 시행 이후 신청된 사안부터 적용됩니다."
e-fe6d04046b,2026-09-29,day,KOR,kor-acrc-rewards,rule_change,Flat 30% decrees promulgated and in force,"Presidential Decrees 36730 (ACRC Act), 36731 (PIWPA) and 36732 (Public Funds Recovery Act) are promulgated and take effect the same day; applications filed earlier keep the old schedule.",kor-moleg-acrc-decree-2026-09,promulgation text and addendum art. 1,이 영은 공포한 날부터 시행한다
