indicator,name,definition,unit_kind,notes
award_applications_received,Award applications received,Applications or requests for a reward filed by whistleblowers with the programme in a period (distinct from tips).,count,"proposed by research:international. Slovakia (requests for a reward to the Whistleblower Protection Office), Lithuania (requests for a reward for valuable information)."
award_claims_denied,Award claims denied,Award claims or applications denied or rejected in a period (final determinations).,count,
award_claims_received,Award claims received,"Applications for a whistleblower award (e.g. SEC/CFTC Form WB-APP) received by the programme in a period, as the source counts them.",count,proposed by research:sec-cftc. Distinct from tips_received (tips) and claims_closed (decided claims). Proposed by sec-cftc pass.
awards_paid_amount,Awards paid (amount),Total money paid to whistleblowers as awards in a period.,currency,
awards_paid_count,Awards paid (number),"Number of awards paid (or made, if the source does not distinguish) in a period. Say in notes whether paid or merely determined.",count,
claims_closed,Claims closed,"Whistleblower claims or tips closed in a period, for any reason (award, denial, rejection, no action).",count,
claims_open,Open claims (inventory),"Whistleblower claims, submissions or taxpayers still open (not closed) at a date, as the source counts them (say in notes whether submissions, claim numbers or taxpayers).",count,proposed by research:irs. Needed for the IRS backlog: annual reports print open-inventory tables by status. Unit says what is counted.
claims_referred_to_exam,Claims referred for examination,"Whistleblower claims (or tips) that the agency sent to field examination or investigation in a period, as the source counts them.",count,"proposed by research:irs. IRS annual reports from FY2018 print receipts selected for referral to field examination (Table 2B), a measure of how many tips are actually acted on."
collections_attributable,Money collected thanks to whistleblowers,"Taxes, sanctions, penalties or other money collected by the government in cases where a whistleblower's information was used, in a period.",currency,
fca_non_qui_tam_matters_opened,Non-qui tam fraud matters opened,"New False Claims Act matters opened by the government itself (referrals and investigations not started by a whistleblower suit) in a period, as counted by the DOJ Civil Division (""New matters - non qui tam"").",count,proposed by research:false-claims-act. Context for qui_tam_suits_filed: shows what share of new FCA matters come from whistleblowers.
fund_balance,Balance of the reward fund,Balance of a dedicated fund that pays awards (e.g. the SEC Investor Protection Fund) at a date.,currency,
individuals_awarded,Individuals awarded,Number of distinct individuals who received an award in a period or since launch.,count,
informant_contracts,Informant reward contracts signed,Number of reward contracts or agreements the agency has signed with informants (cumulative or in a period).,count,"proposed by research:international. Canada CRA OTIP, where a reward requires a signed contract."
processing_time,Time to decide a claim,"Average or median time from claim to award decision or payment, as the source defines it (say which in notes).",days,
qui_tam_suits_filed,Qui tam lawsuits filed,New False Claims Act (or similar) lawsuits filed by whistleblowers (relators) in a period.,count,
recoveries_non_whistleblower_cases,Recoveries in cases not brought by whistleblowers,"Money recovered (settlements and judgments) in cases that did not originate in a whistleblower (qui tam) suit, in a period.",currency,"proposed by research:false-claims-act. DOJ FCA table column ""Settlements and judgments - non qui tam"". Has a series break at FY2020 (U.S. Attorneys' Office matters added)."
recoveries_total,Total recoveries,"All money recovered by the government under the law in a period (settlements and judgments), whistleblower cases or not.",currency,
recoveries_whistleblower_cases,Recoveries in whistleblower cases,"Money recovered in cases brought or prompted by a whistleblower (qui tam), in a period.",currency,
relator_share_awards,Payments to relators,Money paid or awarded to whistleblowers (relators) as their share of qui tam recoveries in a period.,currency,
sanctions_ordered,Sanctions ordered in whistleblower cases,Monetary sanctions ordered (not necessarily collected) in enforcement actions that used whistleblower information.,currency,
taxes_assessed_attributable,Taxes assessed thanks to whistleblowers,"Additional tax assessed (or identified as owing) in cases using informants' information, whether or not collected.",currency,proposed by research:international. Separate from collections_attributable (money actually collected).
tips_received,Whistleblower tips or submissions received,"Tips, submissions or claims received by the programme in a period, as the source counts them (say in notes whether by submission, by claim or by person).",count,
