rule_id,program_id,rule,valid_from,valid_to,value,unit,applies_to,source_id,location,quote,notes
r-d73a34834e,can-cra-otip,award_pct_max,,,15,percent,"federal tax collected, excluding penalties and interest",can-cra-otip-outcomes-2026,Outcomes page,the informant may receive between 5% and 15% of the collected amount as a reward.,
r-9f64e383b7,can-cra-otip,award_pct_min,,,5,percent,"federal tax collected, excluding penalties and interest",can-cra-otip-outcomes-2026,Outcomes page,"If the CRA successfully collects $100,000 or more in federal tax owing (excluding penalties and interest), the informant may receive between 5% and 15% of the collected amount as a reward.","Tiers 5%, 7.5%, 10%, 12.5%, 15%. Paid under a contract with the informant."
r-b022a62874,can-cra-otip,sanctions_threshold,,,100000,CAD,federal tax collected,can-cra-otip-outcomes-2026,Outcomes page,"If the CRA successfully collects $100,000 or more in federal tax owing (excluding penalties and interest)","PIA (2024) says 'at least $100,000 in additional taxes'; Advisor.ca (2020) says evaded tax 'greater than $100,000'."
r-016b43999b,can-osc-wb,anonymous_filing,2016-07-14,,1,flag,through a lawyer,can-osc-wb-eligibility-2026,section 'Anonymous whistleblowers',Whistleblowers can make submissions anonymously through their lawyers.,Rules under OSC Policy 15-601; valid_from = programme launch (2016-2022 update). Identity must be verified before an award is paid.
r-793e8b962b,can-osc-wb,award_cap,2016-07-14,,5000000,CAD,per award,can-osc-wb-update-2022,section 'How Awards Are Determined',"Any award issued will range between 5 and 15% of total monetary sanctions and/or voluntary payments, up to a maximum of $5 million.","Rules under OSC Policy 15-601; valid_from = programme launch (2016-2022 update). Up to $1.5 million is paid regardless of collections; $1.5-5 million is contingent on collections (proposed rule: award_noncontingent_max = 1,500,000 CAD)."
r-f10589670b,can-osc-wb,award_pct_max,2016-07-14,,15,percent,total monetary sanctions and/or voluntary payments,can-osc-wb-eligibility-2026,section 'Amount of an award',The  amount of an award ranges from 5% to 15% of the total monetary sanctions ordered by the Commission,Rules under OSC Policy 15-601; valid_from = programme launch (2016-2022 update).
r-3de1095207,can-osc-wb,award_pct_min,2016-07-14,,5,percent,total monetary sanctions and/or voluntary payments,can-osc-wb-eligibility-2026,section 'Amount of an award',The  amount of an award ranges from 5% to 15% of the total monetary sanctions ordered by the Commission,Rules under OSC Policy 15-601; valid_from = programme launch (2016-2022 update).
r-62d0b1bbae,can-osc-wb,discretionary,2016-07-14,,1,flag,award amount,can-osc-wb-eligibility-2026,section 'Amount of an award',"The Commission will then determine, in its discretion, the amount of a whistleblower award based on certain factors if the eligibility criteria for an award is met.",Rules under OSC Policy 15-601; valid_from = programme launch (2016-2022 update).
r-86cfe562d9,can-osc-wb,filing_deadline_days,2016-07-14,,120,days,after reporting internally,can-osc-wb-eligibility-2026,section 'Internal reporting of information',"If you have already reported internally, or are contemplating doing so, you must submit a whistleblower submission form to us within 120 days of reporting to be eligible for an OSC award.","Rules under OSC Policy 15-601; valid_from = programme launch (2016-2022 update). Deadline to report to the OSC after an internal report, not a deadline to claim an award."
r-1ea348a957,can-osc-wb,sanctions_threshold,2016-07-14,,1000000,CAD,total monetary sanctions and/or voluntary payments ordered,can-osc-wb-update-2022,section 'How Awards Are Determined',"The award determination process begins once a matter involving whistleblower information results in an order, or multiple orders, by the Capital Markets Tribunal (the “Tribunal”) with total monetary sanctions and/or voluntary payments of $1 million or more.",Rules under OSC Policy 15-601; valid_from = programme launch (2016-2022 update). The current eligibility page says 'over $1 million'.
r-2e81ad0cfa,gbr-cma-cartel-rewards,award_cap,,2023-06-05,100000,GBP,per informant,gbr-cma-news-cartel-reward-2023,"news text, para 1","offering a reward of up to £250,000, increased from £100,000, to people who tell the CMA about unlawful cartel activity they have witnessed","Start date of the £100,000 cap (OFT, reportedly Feb 2008) not confirmed in an official document read."
r-c89b643556,gbr-cma-cartel-rewards,award_cap,2023-06-06,,250000,GBP,per informant,gbr-cma-news-cartel-reward-2023,"news text, para 1","offering a reward of up to £250,000, increased from £100,000, to people who tell the CMA about unlawful cartel activity they have witnessed",
r-b502bbb6f8,gbr-cma-cartel-rewards,discretionary,,,1,flag,all rewards,gbr-cma-rewards-guidance-2014,section 'When will I know if I will get a financial reward and how does the CMA calculate any amount?',It is essential to understand that rewards are granted at the discretion of the CMA.,"Amount set by value of information and harm, not a share of fines."
r-d3a04a0a2b,gbr-hmrc-srs,anonymous_filing,2025-11-26,,0,flag,reward eligibility,gbr-hmrc-srs-guidance-2025,section 'Reasons you would not get a reward',you are providing the information anonymously (anonymous submissions will be accepted but no payment will be made),Anonymous reports accepted but never paid.
r-b76b8ac0d5,gbr-hmrc-srs,award_pct_max,2025-11-26,,30,percent,"tax collected, excluding penalties and interest",gbr-hmrc-srs-guidance-2025,section 'Who could get a reward',You could get between 15% and 30% of the tax collected (excluding penalties and interest).,No cap stated.
r-ff7530cd98,gbr-hmrc-srs,award_pct_min,2025-11-26,,15,percent,"tax collected, excluding penalties and interest",gbr-hmrc-srs-guidance-2025,section 'Who could get a reward',You could get between 15% and 30% of the tax collected (excluding penalties and interest).,valid_from = guidance publication date; advocacy sources say the scheme takes effect 6 April 2026 (not confirmed in an official text).
r-a0131eb5b3,gbr-hmrc-srs,discretionary,2025-11-26,,1,flag,all rewards,gbr-hmrc-srs-guidance-2025,section 'Who could get a reward',Rewards are given at HMRC ’s discretion and are not guaranteed.,
r-51da2ed881,gbr-hmrc-srs,sanctions_threshold,2025-11-26,,1500000,GBP,tax collected,gbr-hmrc-srs-guidance-2025,section 'Who could get a reward',You could get a reward if the information you provide to HMRC leads to the collection of at least £1.5 million in tax.,
r-e234c78cd8,gha-whistleblower-fund,award_pct_max,2006-10-16,,10,percent,recovery of money (alternative: amount set by the Attorney-General),gha-parliament-act720-2006,s. 24 (PDF p. 11),(a) ten percent of the amount of money recovered,See award_pct_min row.
r-0da25e87b7,gha-whistleblower-fund,award_pct_min,2006-10-16,,10,percent,recovery of money (alternative: amount set by the Attorney-General),gha-parliament-act720-2006,s. 24 (PDF p. 11),"A whistleblower whose disclosure results in the recovery of an amount of money shall be rewarded from the Fund with (a) ten percent of the amount of money recovered, or (b) the amount of money that the Attorney-General shall, in consultation with the Inspector-General of Police, determine.",A fixed 10% or an amount set by the Attorney-General with the Inspector-General of Police; recorded as min = max = 10. valid_from = date of assent.
r-9b390c77a0,hun-gvh-informant-rewards,award_cap,2010-04-01,,50000000,HUF,per informant per case,hun-gvh-informant-reward-page-2026,FAQ 11,"Az informátori díj összege az eljáró versenytanács által az ügyben kiszabott bírság egy százaléka, de legfeljebb ötvenmillió forint.",Same cap in the 2010 report ('legfeljebb 50 M Ft') and the 2026 page. The reward is tax-free.
r-25d40021ba,hun-gvh-informant-rewards,award_pct_max,2010-04-01,,1,percent,fine imposed in the case (all parties),hun-gvh-ogy-beszamolo-2010,PDF p. 7,a kiszabott bírság 1 %-át (de legfeljebb 50 M Ft-ot) kitevô mértékû díjra tarthat igényt az a természetes személy,
r-b3eda030d4,hun-gvh-informant-rewards,award_pct_min,2010-04-01,,1,percent,fine imposed in the case (all parties),hun-gvh-ogy-beszamolo-2010,PDF p. 7,a kiszabott bírság 1 %-át (de legfeljebb 50 M Ft-ot) kitevô mértékû díjra tarthat igényt az a természetes személy,Fixed 1% (min = max).
r-17884d3e84,kor-acrc-rewards,award_cap,,2024-08-06,3000000000,KRW,public interest reports (PIWPA) filed on or before 7 Aug 2024,kor-acrc-ar-2025,"PDF p. 89, item 4","For reports filed on or before August 7, 2024, the reward is capped at KRW 3 billion per individual report, whereas no maximum limit applies to reports filed on or after August 7, 2024.",The report gives 7 Aug 2024 on both sides of the change; valid_to set to the day before. No cap from 7 Aug 2024.
r-fe65f17a65,kor-acrc-rewards,award_cap,2002-01-25,2005-12-29,200000000,KRW,corruption reports (Anti-Corruption Act),kor-moleg-acad-decree-2002,art. 40(3),보상금의 지급한도액은 2억원으로 하고,Printed as 2억원.
r-42830a368e,kor-acrc-rewards,award_cap,2005-12-30,2015-10-19,2000000000,KRW,corruption reports made before 20 Oct 2015,kor-acrc-ar-2015,PDF p. 35,"for the corruption reports made after October 20, 2015, … the maximum reward has increased from the current 2 billion KRW to 3 billion KRW",
r-24b651079e,kor-acrc-rewards,award_cap,2005-12-30,2015-10-19,2000000000,KRW,corruption reports,kor-moleg-acad-decree-2005,art. 40(3),보상금의 지급한도액은 20억원으로 하고,"Raised from 2억원; the reason statement says the cap goes ""현행 2억원에서 20억원으로"". Still 20억원 in the 2008 decree (art. 77(3)) and 2014 version."
r-8ebdd004b6,kor-acrc-rewards,award_cap,2005-12-30,,50000000,KRW,"monetary awards (포상금) for corruption reports, grounds 1-3 and 5",kor-moleg-acad-decree-2005,art. 35(2),제1항제1호 내지 제3호 및 제5호에 해당하는 경우 포상금은 5천만원 이하로 한다,"Award cap, not reward cap. For reports of bribes received and self-reported, up to 20% of the amount, max 2억원 (art. 35(3)). Later raised to 2억원 (by 2021 per ACRC release of 11 Nov 2021) and 5억원 (ACRC annual reports 2022-2025); dates of those changes not established here, so valid_to is left empty."
r-23704d9407,kor-acrc-rewards,award_cap,2011-09-30,2016-01-24,1000000000,KRW,public interest reports (PIWPA),kor-moleg-piwpa-decree-2011,art. 22(2),보상금의 지급한도액은 10억원으로 하고,
r-d4dfe69c75,kor-acrc-rewards,award_cap,2015-10-20,2026-09-28,3000000000,KRW,corruption reports (ACRC Act) made after 20 Oct 2015,kor-acrc-ar-2015,PDF p. 35,"for the corruption reports made after October 20, 2015, … the maximum reward has increased from the current 2 billion KRW to 3 billion KRW",Confirmed in kor-acrc-ar-2025 PDF p. 88. Abolished by the decree in force 29 Sep 2026 (kor-sbs-decree-2026).
r-6fadde458d,kor-acrc-rewards,award_cap,2015-10-20,2026-09-28,3000000000,KRW,corruption reports (ACRC Act),kor-moleg-acrc-decree-2026-03,art. 77(2),보상금의 지급한도액은 30억원으로 하고,Cap set at 30억원 by the decree of 20 Oct 2015 (art. 77(3)); still in force in the version of 3 Mar 2026.
r-865f54db50,kor-acrc-rewards,award_cap,2016-01-25,2018-04-30,2000000000,KRW,"public interest reports (PIWPA), internal whistleblowers only",kor-moleg-piwpa-decree-2016,art. 22(2),보상금의 지급한도액은 20억원으로 하고,"From 25 Jan 2016 rewards are paid only to internal whistleblowers (law amendment, Act 13443)."
r-130d5043fe,kor-acrc-rewards,award_cap,2018-05-01,2024-08-06,3000000000,KRW,public interest reports (PIWPA),kor-moleg-piwpa-decree-2018,art. 22(2),보상금의 지급한도액은 30억원으로 하고,"Reason statement: ""보상금의 지급한도액을 20억원에서 30억원으로 상향"". Removed for reports filed from 7 Aug 2024."
r-eb3d9ea468,kor-acrc-rewards,award_cap,2020-01-01,2026-09-28,3000000000,KRW,fraudulent claims for public funds (Public Funds Recovery Act),kor-moleg-pfra-decree-2020,art. 19(4),제1항에 따른 보상금의 지급한도액은 30억원으로 하고,Kept in the 2024 version (art. 19(5)); abolished from 29 Sep 2026.
r-289f437d6c,kor-acrc-rewards,award_cap,2024-08-07,,,KRW,public interest reports (PIWPA) filed from 7 Aug 2024,kor-moleg-piwpa-decree-2024,reason statement (개정이유),종전에 30억원으로 설정한 내부 공익신고자에 대한 보상금의 지급한도액을 없애는,"No cap: value left empty. Law amendment Act 20243 (6 Feb 2024, in force 7 Aug 2024); applies to reports filed after it took effect."
r-cd48adf2d9,kor-acrc-rewards,award_cap,2024-09-27,2026-09-28,3000000000,KRW,fraudulent claims for public funds (Public Funds Recovery Act),kor-acrc-ar-2025,"PDF p. 91, item 6","Rewards shall be paid within the range of 4% to 30% of the reward eligible amount, up to a maximum of KRW 3 billion",
r-3cc005a587,kor-acrc-rewards,award_cap,2026-09-29,,,KRW,applications made from 29 Sep 2026 (all three laws),kor-sbs-decree-2026,article text,여기에 30억 원으로 제한됐던 보상금 지급 상한도 전면 폐지됩니다.,Cap abolished: value left empty = no cap. Media report.
r-8d0f736308,kor-acrc-rewards,award_cap,2026-09-29,,,KRW,"corruption reports (ACRC Act), applications filed from 29 Sep 2026",kor-moleg-acrc-decree-2026-09,reason statement (개정이유),해당 신고 보상금의 지급한도액인 30억원을 폐지하는 등,No cap: value left empty. Art. 77(2) of the old version (cap) replaced.
r-e0a34d67ec,kor-acrc-rewards,award_cap,2026-09-29,,,KRW,"fraudulent claims for public funds (Public Funds Recovery Act), from 29 Sep 2026",kor-moleg-pfra-decree-2026,reason statement (개정이유),해당 신고 보상금의 지급한도액인 30억원을 폐지하는 등,No cap: value left empty.
r-0d5ab196d1,kor-acrc-rewards,award_pct_max,2002-01-25,2005-12-29,10,percent,corruption reports (Anti-Corruption Act),kor-moleg-acad-decree-2002,"art. 40(1), annex 1",1억원 이하 │ 10%,"Sliding scale by size of the recovered amount (보상대상가액): the top rate applies to the first KRW 100 million, the bottom rate is the marginal rate above KRW 4 billion."
r-4f18498bbb,kor-acrc-rewards,award_pct_max,2005-12-30,2015-10-19,20,percent,corruption reports,kor-moleg-acad-decree-2005,annex 1,1억원 이하 │ 20%,"Sliding scale by size of the recovered amount (보상대상가액): the top rate applies to the first KRW 100 million, the bottom rate is the marginal rate above KRW 4 billion. Same schedule in the 2008 ACRC Act decree (annex 1) and the 2014 version."
r-e49d0afe79,kor-acrc-rewards,award_pct_max,2011-09-30,2023-12-18,20,percent,public interest reports filed on or before 18 Dec 2023 (PIWPA),kor-acrc-ar-2025,"PDF p. 89, item 4","for reports filed on or before December 18, 2023, the reward shall be determined within the range of 4% to 20% of the reward eligible amount",
r-efea1d2aad,kor-acrc-rewards,award_pct_max,2011-09-30,2023-12-18,20,percent,public interest reports (PIWPA),kor-moleg-piwpa-decree-2011,"art. 22(1), annex 2",1억원 이하 │ 20%,"Sliding scale by size of the recovered amount (보상대상가액): the top rate applies to the first KRW 100 million, the bottom rate is the marginal rate above KRW 4 billion."
r-7f1b0056de,kor-acrc-rewards,award_pct_max,2015-10-20,2026-09-28,30,percent,corruption reports (ACRC Act),kor-acrc-ar-2025,PDF p. 88,"Rewards are paid at a rate of 4% to 30% of the reward eligible amount, up to a maximum of KRW 3 billion, and may be reduced in cases prescribed by Presidential Decree.",
r-7f9384e64a,kor-acrc-rewards,award_pct_max,2015-10-20,2026-09-28,30,percent,corruption reports (ACRC Act),kor-moleg-acrc-decree-2015,annex 1,1억원 이하 │보상대상가액의 30%,"Sliding scale by size of the recovered amount (보상대상가액): the top rate applies to the first KRW 100 million, the bottom rate is the marginal rate above KRW 4 billion. Same schedule in annex 2 of the version of 3 Mar 2026."
r-debf3951f5,kor-acrc-rewards,award_pct_max,2020-01-01,2024-09-26,30,percent,fraudulent claims for public funds (Public Funds Recovery Act),kor-moleg-pfra-decree-2020,art. 19(1),의 30퍼센트로 한다,See award_pct_min row.
r-af78d382ed,kor-acrc-rewards,award_pct_max,2023-12-19,2026-09-28,30,percent,public interest reports filed on or after 19 Dec 2023 (PIWPA),kor-acrc-ar-2025,"PDF p. 89, item 4","whereas for reports filed on or after December 19, 2023, it shall be within the range of 4% to 30%",
r-e015cbe76e,kor-acrc-rewards,award_pct_max,2023-12-19,2026-09-28,30,percent,public interest reports (PIWPA),kor-moleg-piwpa-decree-2023,annex 2,1억원 이하 │보상대상가액의 30%,"Sliding scale by size of the recovered amount (보상대상가액): the top rate applies to the first KRW 100 million, the bottom rate is the marginal rate above KRW 4 billion. Reason statement: the base rate goes from ""보상대상가액의 20%"" to ""보상대상가액의 30%""."
r-27f9274af4,kor-acrc-rewards,award_pct_max,2024-09-27,2026-09-28,30,percent,fraudulent claims for public funds (Public Funds Recovery Act),kor-acrc-ar-2025,"PDF p. 91, item 6","Rewards shall be paid within the range of 4% to 30% of the reward eligible amount, up to a maximum of KRW 3 billion",
r-2d7594f019,kor-acrc-rewards,award_pct_max,2026-09-29,,30,percent,applications made from 29 Sep 2026 (all three laws),kor-sbs-decree-2026,article text,"개정된 시행령은 이달 29일부터 시행되며, 새로운 기준은 시행 이후 신청된 사안부터 적용됩니다.",Media report.
r-47573b69c3,kor-acrc-rewards,award_pct_max,2026-09-29,,30,percent,"corruption reports (ACRC Act), applications filed from 29 Sep 2026",kor-moleg-acrc-decree-2026-09,art. 77(1),금액의 100분의 30으로 한다,See award_pct_min row.
r-6cf90ddd8c,kor-acrc-rewards,award_pct_max,2026-09-29,,30,percent,"public interest reports (PIWPA), from 29 Sep 2026",kor-moleg-piwpa-decree-2026,art. 22(1),금액의 100분의 30으로 한다,See award_pct_min row.
r-9f358f5d2d,kor-acrc-rewards,award_pct_max,2026-09-29,,30,percent,"fraudulent claims for public funds (Public Funds Recovery Act), from 29 Sep 2026",kor-moleg-pfra-decree-2026,art. 19(1),금액의 100분의 30으로 한다,See award_pct_min row.
r-9dbdf598d6,kor-acrc-rewards,award_pct_min,2002-01-25,2005-12-29,2,percent,corruption reports (Anti-Corruption Act),kor-moleg-acad-decree-2002,annex 1,40억원 초과 │ 1억7천3백만원＋40억원 초과금액의 2%,"Sliding scale by size of the recovered amount (보상대상가액): the top rate applies to the first KRW 100 million, the bottom rate is the marginal rate above KRW 4 billion."
r-c3804433ac,kor-acrc-rewards,award_pct_min,2005-12-30,2026-09-28,4,percent,corruption reports (ACRC Act),kor-acrc-ar-2015,PDF p. 35,"The maximum amount of reward is KRW 3 billion, or 4-30% of the recovered amount.",Start date of the 4-30% band not established here; still 4-30% in the 2025 report (PDF p. 88). Sliding scale by size of recovery (asiae 2026).
r-353c6cc269,kor-acrc-rewards,award_pct_min,2005-12-30,2015-10-19,4,percent,corruption reports,kor-moleg-acad-decree-2005,annex 1,40억원 초과 │ 3억4천6백만원+40억원 초과금액의 4%,"Sliding scale by size of the recovered amount (보상대상가액): the top rate applies to the first KRW 100 million, the bottom rate is the marginal rate above KRW 4 billion."
r-d44a40110b,kor-acrc-rewards,award_pct_min,2011-09-30,2023-12-18,4,percent,public interest reports filed on or before 18 Dec 2023 (PIWPA),kor-acrc-ar-2025,"PDF p. 89, item 4","for reports filed on or before December 18, 2023, the reward shall be determined within the range of 4% to 20% of the reward eligible amount",
r-6550595950,kor-acrc-rewards,award_pct_min,2011-09-30,2023-12-18,4,percent,public interest reports (PIWPA),kor-moleg-piwpa-decree-2011,annex 2,40억원 초과 │3억4천6백만원+40억원 초과금액의 4%,"Sliding scale by size of the recovered amount (보상대상가액): the top rate applies to the first KRW 100 million, the bottom rate is the marginal rate above KRW 4 billion."
r-8c7c345504,kor-acrc-rewards,award_pct_min,2015-10-20,2026-09-28,4,percent,corruption reports (ACRC Act),kor-moleg-acrc-decree-2015,annex 1,40억원 초과 │4억8천만원 + 40억원 초과금액의 4%,"Sliding scale by size of the recovered amount (보상대상가액): the top rate applies to the first KRW 100 million, the bottom rate is the marginal rate above KRW 4 billion."
r-53a083f481,kor-acrc-rewards,award_pct_min,2020-01-01,2024-09-26,30,percent,fraudulent claims for public funds (Public Funds Recovery Act),kor-moleg-pfra-decree-2020,art. 19(1),보상금은 보상대상가액(부정이익등의 환수 또는 제재부가금의 부과 등으로 인하여 직접적인 공공기관 수입의 회복ㆍ증대 또는 비용의 절감을 가져오거나 그에 관한 법률관계가 확정된 경우 그 금액)의 30퍼센트로 한다,"Flat 30% from the start of the Act. Replaced by a 30%-4% sliding scale from 27 Sep 2024 (decree 34920, reason statement: ""종전에는 ... 일률적으로 보상대상가액의 30퍼센트를 보상금으로 산정하였으나"")."
r-58270fd1c2,kor-acrc-rewards,award_pct_min,2023-12-19,2026-09-28,4,percent,public interest reports filed on or after 19 Dec 2023 (PIWPA),kor-acrc-ar-2025,"PDF p. 89, item 4","whereas for reports filed on or after December 19, 2023, it shall be within the range of 4% to 30%",
r-d9982e3201,kor-acrc-rewards,award_pct_min,2024-09-27,2026-09-28,4,percent,fraudulent claims for public funds (Public Funds Recovery Act),kor-acrc-ar-2025,"PDF p. 91, item 6","Rewards shall be paid within the range of 4% to 30% of the reward eligible amount, up to a maximum of KRW 3 billion","valid_from = date the amended Act took effect (27 Sep 2024, same paragraph); the band may be older."
r-cbdb9485c3,kor-acrc-rewards,award_pct_min,2026-09-29,,30,percent,"applications made from 29 Sep 2026 under the ACRC Act, PIWPA and Public Funds Recovery Act",kor-sbs-decree-2026,article text,앞으로 부패·공익침해 행위 신고자는 상한 없이 보상대상 가액(수입 회복액)의 30%를 보상금을 받을 수 있습니다.,"Flat 30% replaces the sliding 4-30% scale; reductions for accuracy, evidence and contribution are kept (kor-asiae-decree-2026), so 30% is a ceiling in practice. Media report; decree text not retrieved."
r-009ee7d444,kor-acrc-rewards,award_pct_min,2026-09-29,,30,percent,"corruption reports (ACRC Act), applications filed from 29 Sep 2026",kor-moleg-acrc-decree-2026-09,art. 77(1),보상금은 제72조제1항 각 호의 부과 및 환수 등으로 인하여 직접적인 공공기관 수입의 회복이나 증대 또는 비용의 절감을 가져오거나 그에 관한 법률관계가 확정된 금액의 100분의 30으로 한다,"Flat 30%, which may still be reduced or refused for the reasons in art. 77(2). Addendum art. 2: applications filed before the decree took effect keep the old schedule. Also applies by reference to rewards under the Improper Solicitation Act and the Conflict of Interest Act (ACRC release 22 Sep 2026)."
r-dfa4215466,kor-acrc-rewards,award_pct_min,2026-09-29,,30,percent,"public interest reports (PIWPA), from 29 Sep 2026",kor-moleg-piwpa-decree-2026,art. 22(1),보상금은 같은 조 제1항 각 호 및 이 영 제21조제1항 각 호의 부과 및 환수 등으로 인하여 직접적인 공공기관 수입의 회복 또는 증대를 가져오거나 그에 관한 법률관계가 확정된 금액의 100분의 30으로 한다,"Flat 30%, reducible under art. 22(2). Uncapped since 7 Aug 2024."
r-2a6791f414,kor-acrc-rewards,award_pct_min,2026-09-29,,30,percent,"fraudulent claims for public funds (Public Funds Recovery Act), from 29 Sep 2026",kor-moleg-pfra-decree-2026,art. 19(1),보상금은 법 제23조제2항 각 호의 조치로 인하여 공공기관의 직접적인 수입의 회복ㆍ증대 또는 비용의 절감을 가져오거나 그에 관한 법률관계가 확정된 금액의 100분의 30으로 한다,"Flat 30%, reducible under art. 19(2)."
r-15175b188e,kor-acrc-rewards,discretionary,2002-01-25,,0,flag,corruption reports,kor-moleg-acad-act-2001,art. 36(3),위원회는 제2항의 규정에 의한 보상금의 지급신청을 받은 때에는 제37조의 규정에 의한 보상심의위원회의 심의ㆍ의결을 거쳐 대통령령이 정하는 바에 따라 보상금을 지급하여야 한다,"The reward must be paid (""지급하여야 한다"") once a report recovers revenue, though the decree allows reductions and officials reporting on their own duties may get less or nothing. The same wording is in art. 68(4) of the ACRC Act (2026 version)."
r-355b202955,kor-acrc-rewards,filing_deadline_days,2002-01-25,,2,years,corruption reports (original Act),kor-moleg-acad-act-2001,art. 36(4),보상금의 지급신청은 공공기관 수입의 회복이나 증대 또는 비용의 절감이 있음을 안 날부터 2년 이내에 하여야 한다,"Two years from learning of the recovery. Unit ""years"" because the law states years. Now three years from learning that the legal relationship is settled, and no later than five years after it (ACRC Act art. 68(6)); date of that change not established here."
r-697beaa76d,ltu-gp-rewards,award_cap,2019-01-01,,,none,rewards for valuable information,ltu-seimas-law-xiii-804-2017,Art. 12(2)(3),nenustatomas maksimalaus atlyginimo pranešėjui dydis,The law sets no maximum; reward proportional to the damage caused or that could have been caused (Art. 12(2)(2)); no fixed percentage in the law or Government Resolution 1133. Empty value = no cap.
r-75e5da809c,ltu-gp-rewards,discretionary,2019-01-01,,1,flag,all rewards,ltu-seimas-law-xiii-804-2017,Art. 12(1),"Pranešėjams, pateikusiems kompetentingai institucijai vertingos informacijos apie pažeidimus, gali būti atlyginama Vyriausybės nustatyta tvarka.","'gali būti' = may be paid; amount set by a Prosecutor General's commission (Resolution 1133, points 7 and 10)."
r-eae245124e,ltu-kt-cartel-rewards,award_cap,2019-07-01,,100000,EUR,per reward,ltu-kt-news-remuneration-procedure-2019,"news text, para 2","a whistleblower remuneration will constitute 1 per cent of the fines imposed on the infringers, and will range from EUR 1,000 to EUR 100,000","Also a minimum of EUR 1,000: proposed rule 'award_min' (value 1000 EUR). The 2026 news still says 'up to EUR 100,000'."
r-97f93afbbf,ltu-kt-cartel-rewards,award_pct_max,2019-07-01,,1,percent,fines imposed on the infringers,ltu-kt-news-remuneration-procedure-2019,"news text, para 2","a whistleblower remuneration will constitute 1 per cent of the fines imposed on the infringers, and will range from EUR 1,000 to EUR 100,000",
r-3fb38098a8,ltu-kt-cartel-rewards,award_pct_min,2019-07-01,,1,percent,fines imposed on the infringers,ltu-kt-news-remuneration-procedure-2019,"news text, para 2","a whistleblower remuneration will constitute 1 per cent of the fines imposed on the infringers, and will range from EUR 1,000 to EUR 100,000","Fixed 1%, bounded by EUR 1,000 and EUR 100,000."
r-60ff467475,svk-msr-rewards,award_cap,2015-01-01,,50,minimum_wage_multiple,per reward,svk-zz-2014-307-whistleblower-act,§ 9(1),môže poskytnúť oznamovateľovi na základe jeho žiadosti odmenu až do výšky päťdesiatnásobku minimálnej mzdy,After a final conviction or final administrative decision. Superseded by Act 54/2019 (svk-uoo-rewards); end date not confirmed here.
r-020963cf7f,svk-msr-rewards,discretionary,2015-01-01,,1,flag,all rewards,svk-zz-2014-307-whistleblower-act,§ 9(7),Na poskytnutie odmeny oznamovateľovi nie je právny nárok. Preskúmanie rozhodnutia ministerstva o odmene súdom je vylúčené.,
r-af07c6c2c3,svk-msr-rewards,filing_deadline_days,2015-01-01,,6,months,after notice that the decision became final,svk-zz-2014-307-whistleblower-act,§ 9(3),Žiadosť o poskytnutie odmeny podľa odseku 1 môže podať oznamovateľ ministerstvu do šiestich mesiacov odo dňa doručenia oznámenia podľa odseku 2.,"Deadline is six months, not days: unit 'months'. Convert or add a filing_deadline_months rule at merge."
r-0262ce1a8e,svk-pmu-cartel-rewards,award_cap,2014-07-01,,100000,EUR,fines paid,svk-pmu-vs-2014,PDF p. 11,"Odmena za poskytnutie dôkazov o karteli predstavuje 1 % z uložených pokút v jednom rozhodnutí úradu, maximálne 100 000 EUR.",
r-17be9dcab4,svk-pmu-cartel-rewards,award_cap,2014-07-01,,10000,EUR,fines not paid (50% of the reward),svk-zz-2021-187-competition-act,§ 53(4),"oznamovateľovi patrí 50 % odmeny, ktorá by mu inak patrila podľa prvej vety, najviac však 10 000 eur","If fines are not paid within 100 days the informant gets half, capped at EUR 10,000 (same rule in the 2014 report)."
r-ff431c9dd0,svk-pmu-cartel-rewards,award_pct_max,2014-07-01,,1,percent,sum of fines on all cartel parties,svk-zz-2021-187-competition-act,§ 53(4),"Odmena pre oznamovateľa je 1 % zo súčtu pokút uložených všetkým účastníkom dohody obmedzujúcej súťaž v rozhodnutí úradu, najviac však 100 000 eur",
r-f1b0342d96,svk-pmu-cartel-rewards,award_pct_min,2014-07-01,,1,percent,sum of fines on all cartel parties,svk-zz-2021-187-competition-act,§ 53(4),"Odmena pre oznamovateľa je 1 % zo súčtu pokút uložených všetkým účastníkom dohody obmedzujúcej súťaž v rozhodnutí úradu, najviac však 100 000 eur","Introduced 1 July 2014 (amendment to Act 136/2001, per the 2014 annual report); carried into Act 187/2021 (in force 1 June 2021). Fixed 1%."
r-8c58653637,svk-pmu-cartel-rewards,discretionary,2021-06-01,,0,flag,reward on request once decision final and fine paid,svk-zz-2021-187-competition-act,§ 53(3),"Oznamovateľ má nárok na odmenu, ak o ňu požiada a poskytnutý dôkaz podľa odseku 1 bol rozhodujúci pre preukázanie porušenia zákona",Legal entitlement ('má nárok') for the first natural person with decisive evidence. Pre-2021 wording not read.
r-9934b2dd06,svk-uoo-rewards,award_cap,2021,,50,minimum_wage_multiple,qualified report (kvalifikované oznámenie),svk-uoo-vs-2021,PDF p. 52,V prípade kvalifikovaného oznámenia môže úrad poskytnúť odmenu až do výšky 50-násobku minimálnej mzdy (podľa súčasného stavu v roku 2021 ide o sumu 31 150 €).,"Act No. 54/2019 Coll., s. 9. In 2021 equal to 31,150 EUR. Proposed unit: minimum_wage_multiple. valid_from = Office's first year of operation; the Act set the rule earlier."
r-895fa06caa,svk-uoo-rewards,discretionary,2021,,1,flag,all rewards,svk-uoo-vs-2021,PDF p. 52,"V ustanovení § 9 ods. 7 však zákon hovorí, že odmena je právne nenárokovateľná.",No legal entitlement to a reward.
r-6f8ef149d3,twn-moj-corruption-rewards,anonymous_filing,,,0,flag,reward eligibility,twn-moj-reward-regulation-2019,Art. 4(1)(5),匿名或不以真實姓名檢舉、檢舉而未提出具體事證或拒絕製作筆錄。,No reward for anonymous or false-name reports.
r-30a3063986,twn-moj-corruption-rewards,award_cap,,,10000000,TWD,"per case, including the 50% increase when more than five offenders are convicted",twn-moj-reward-regulation-2019,Art. 5,因檢舉同一貪污瀆職案件之犯罪人數，經法院判決有罪確定逾五人者，增給二分之一獎金。最高以新臺幣一千萬元為限。,"Text as amended 2019-02-01; the cap's start date is not established. Base amounts follow a schedule by sentence (附表), not a share of money recovered."
r-f54e226687,usa-cftc-wb,anonymous_filing,2011-10-24,,1,,tips may be filed anonymously; an anonymous award claimant must be represented by counsel,usa-ecfr-17cfr165-2026,17 CFR 165.4(b),"A whistleblower may anonymously submit information to the Commission, however, the whistleblower must follow the procedures in § 165.3(c)",
r-d86ec2b00c,usa-cftc-wb,award_pct_max,2010-07-21,,30,percent,aggregate of monetary sanctions actually collected in a covered action (over $1 million) or related action,usa-cftc-wb-ar-2011,p. 2,at least 10 but not more than 30 percent of the monetary sanctions actually collected in the Commission's action or a related action,
r-cdcaf80931,usa-cftc-wb,award_pct_max,2011-10-24,,30,percent,"of monetary sanctions collected, in total",usa-ecfr-17cfr165-2026,17 CFR 165.8(a)(2),"Not more than 30 percent, in total, of what has been collected of the monetary sanctions imposed in the covered judicial or administrative action or related actions",
r-3f2cb9621f,usa-cftc-wb,award_pct_min,2010-07-21,,10,percent,aggregate of monetary sanctions actually collected in a covered action (over $1 million) or related action,usa-cftc-wb-ar-2011,p. 2,"The Commission's whistleblower awards are to equal, in the aggregate amount, at least 10 but not more than 30 percent of the monetary sanctions actually collected","CEA Section 23 (7 U.S.C. 26), added by Dodd-Frank s.748."
r-63bc892d1d,usa-cftc-wb,award_pct_min,2011-10-24,,10,percent,"of monetary sanctions collected in covered or related actions, in total",usa-ecfr-17cfr165-2026,17 CFR 165.8(a)(1),"Not less than 10 percent, in total, of what has been collected of the monetary sanctions imposed in the covered judicial or administrative action or related actions",
r-a42b398911,usa-cftc-wb,discretionary,2010-07-21,,0,,whether an award must be paid to an eligible whistleblower,usa-cftc-wb-ar-2011,p. 2,"requires the Commission to pay an award, under regulations prescribed by the Commission and subject to certain limitations, to eligible whistleblowers",Mandatory once criteria are met; percentage discretionary within 10-30%.
r-e52f4b60ac,usa-cftc-wb,filing_deadline_days,2011-10-24,,90,days,Form WB-APP after the Notice of Covered Action (or final judgment in a related action),usa-ecfr-17cfr165-2026,17 CFR 165.7(b)(2),"The Form WB-APP, including any attachments, must be received by the Commission within 90 calendar days of the date of the Notice of Covered Action","Text as amended (82 FR 24487, May 30, 2017)."
r-dcd96c2c2f,usa-cftc-wb,fund_replenishment_threshold,2010-07-21,,100000000,USD,sanctions go to the Customer Protection Fund only while its balance is at or below this level,usa-uscode-7usc26-2023,7 U.S.C. 26(g)(3)(A),"unless the balance of the Fund at the time the monetary judgment is collected exceeds $100,000,000",New rule type proposed: fund_replenishment_threshold.
r-a77e870db9,usa-cftc-wb,sanctions_threshold,2010-07-21,,1000000,USD,covered judicial or administrative action (must exceed),usa-uscode-7usc26-2023,7 U.S.C. 26(a)(1),"results in monetary sanctions exceeding $1,000,000",
r-ab440a9fd0,usa-doj-apps,award_cap,1980-10-21,,50,percent,criminal fine (court's discretion),usa-uscode-33usc1908-2023,33 U.S.C. 1908(a),"In the discretion of the Court, an amount equal to not more than ½ of such fine may be paid to the person giving information leading to conviction.","valid_from is the APPS enactment date (Pub. L. 96-478, 21 Oct 1980) per the section credits; the reward clause may have been worded differently in earlier versions. Section 1908(b) allows the Secretary to pay up to half of civil penalties too."
r-9c221921a7,usa-doj-apps,discretionary,1980-10-21,,1,,court decides,usa-uscode-33usc1908-2023,33 U.S.C. 1908(a),"In the discretion of the Court, an amount equal to not more than ½ of such fine may be paid",
r-a5982dbe88,usa-doj-atr-wb,award_pct_max,2025-05-07,,30,percent,recovered criminal fine,usa-doj-atr-usps-wb-mou-2025,"PDF p. 3, section III",The maximum total reward will be 30% of the recovered criminal fine.,
r-ac1ea81858,usa-doj-atr-wb,award_pct_min,2025-05-07,,15,percent,"recovered criminal fine (presumption, not a legal floor)",usa-doj-atr-usps-wb-mou-2025,"PDF p. 3, section III",the presumption will be that the total reward will be at least 15% of the recovered criminal fine,A presumption when the Division decides a reward is appropriate. valid_from is the MOU signature date; the programme was announced in July 2025. Awards are paid by the Postal Service from the share of the fine remitted to it.
r-21edc64cba,usa-doj-atr-wb,discretionary,2025-05-07,,1,,,usa-doj-atr-usps-wb-mou-2025,"PDF p. 3, section III",The amount of the whistleblower award will be made in consultation with USPIS and USPS OIG but is in the sole discretion of the Antitrust Division.,
r-bf17de4073,usa-doj-atr-wb,sanctions_threshold,2025-05-07,,1000000,USD,criminal fine or equivalent DPA/NPA recovery,usa-doj-atr-usps-wb-mou-2025,"PDF p. 4, section IV",this information leads to a resolution including a criminal fine of at least $1 million,"Eligible conduct must also affect the Postal Service (39 U.S.C. 404(a)(7)), e.g. use of the mail."
r-2de53e2ea7,usa-doj-cwap,anonymous_filing,2024-08-01,,1,,only through an attorney,usa-doj-cwap-guidance-2024,"PDF p. 12, section IV.2",You may submit your information anonymously if you are represented by an attorney.,Identity must be disclosed and verified before any award is paid.
r-dc90ff4923,usa-doj-cwap,award_pct_max,2024-08-01,,30,percent,first $100 million in net proceeds forfeited,usa-doj-cwap-guidance-2024,"PDF p. 8, section III.1.b",An award of up to 30% of the first $100 million in net proceeds forfeited;,"Presumption of the maximum 30% on the first $10 million when no award-reducing factors apply (same section, para c). Unchanged in the 30 July 2026 revision (usa-doj-cwap-guidance-2026, PDF p. 8). Legal basis: 28 U.S.C. 524(c) (Assets Forfeiture Fund)."
r-54a3361d66,usa-doj-cwap,award_pct_max,2024-08-01,,5,percent,net proceeds forfeited between $100 million and $500 million,usa-doj-cwap-guidance-2024,"PDF p. 8, section III.1.b",An award of up to 5% of any net proceeds forfeited between $100 million and $500 million.,No award on net proceeds forfeited above $500 million (para b.iii). Unchanged in the 2026 revision.
r-235372a5ba,usa-doj-cwap,discretionary,2024-08-01,,1,,,usa-doj-cwap-guidance-2024,"PDF p. 2, section I",Awards are issued in the Department’s sole discretion.,
r-273a468c16,usa-doj-cwap,filing_deadline_days,2024-08-01,,90,days,claim after DOJ publishes a successful forfeiture,usa-doj-cwap-guidance-2024,"PDF p. 14, section VI.1",will have ninety (90) days from the date of the publication to file a claim for an award,
r-c0a207c89a,usa-doj-cwap,sanctions_threshold,2024-08-01,,1000000,USD,net proceeds forfeited,usa-doj-cwap-guidance-2024,"PDF p. 2, section II.1","information leads to criminal or civil forfeiture exceeding $1,000,000 in net proceeds",Unchanged in the 2026 revision.
r-36c67bba7e,usa-doj-firrea-decl,award_pct_max,1990-11-29,,30,percent,"first $1,000,000 recovered",usa-uscode-12usc4205-2024,12 U.S.C. 4205(d)(1)(A)(i),"The declarant shall be entitled to 20 percent to 30 percent of any recovery up to the first $1,000,000 recovered",
r-365b22db6f,usa-doj-firrea-decl,award_pct_min,1990-11-29,,20,percent,"first $1,000,000 recovered (then 10-20% of the next $4,000,000 and 5-10% of the next $5,000,000)",usa-uscode-12usc4205-2024,12 U.S.C. 4205(d)(1)(A)(i),"The declarant shall be entitled to 20 percent to 30 percent of any recovery up to the first $1,000,000 recovered, 10 percent to 20 percent of the next $4,000,000 recovered, and 5 percent to 10 percent of the next $5,000,000 recovered.","Sliding scale; nothing is payable on recoveries above $10,000,000 under this formula. Enacted by the Financial Institutions Anti-Fraud Enforcement Act of 1990 (Pub. L. 101-647)."
r-3ed6fbfc3e,usa-doj-firrea-decl,discretionary,1990-11-29,,0,,share of a civil recovery ('shall have the right to share'); rewards for criminal convictions are discretionary,usa-uscode-12usc4205-2024,12 U.S.C. 4205(d)(1),the declarant shall have the right to share in the recovery as follows,"Mandatory share of civil recoveries; separately, 4205(c) lets the Attorney General 'in his discretion' pay a reward after a criminal conviction."
r-1f24169d16,usa-fca-qui-tam,award_pct_max,1863-03-02,1943-12-22,50,percent,all successful qui tam suits,usa-crs-r40785-2021,"p. 6 (PDF p. 10), ""Civil War Origins""","The private parties, known as relators, were entitled to half of the penalty recovered and costs, if successful.",See award_pct_min row: a fixed half.
r-83e1f71814,usa-fca-qui-tam,award_pct_max,1943-12-23,1986-10-26,25,percent,government does not take over the case,usa-crs-r40785-2021,"p. 8 (PDF p. 12), ""1943 Amendments""",it reduced the relator’s share of a successful suit from 50% to no more than 25% (no more than 10% should the government take up and litigate the case).,"Public Law 78-213, 57 Stat. 608, approved December 23, 1943 (date from the U.S. Code historical notes to 3730: ""restated Dec. 23, 1943, ch. 377, §1, 57 Stat. 608""). No statutory minimum."
r-3876b506b2,usa-fca-qui-tam,award_pct_max,1943-12-23,1986-10-26,10,percent,government takes up and litigates the case,usa-crs-r40785-2021,"p. 8 (PDF p. 12), ""1943 Amendments""",it reduced the relator’s share of a successful suit from 50% to no more than 25% (no more than 10% should the government take up and litigate the case).,No statutory minimum.
r-5fe65c5bfd,usa-fca-qui-tam,award_pct_max,1986-10-27,,25,percent,government proceeds with (intervenes in) the action,usa-pl-99-562-1986,"100 Stat. 3156 (PDF p. 4), new 31 U.S.C. 3730(d)(1)","receive at least 15 percent but not more than 25 percent of the proceeds of the action or settlement of the claim, depending upon the extent to which the person substantially contributed to the prosecution of the action.",Unchanged in the current Code.
r-732351110b,usa-fca-qui-tam,award_pct_max,1986-10-27,,30,percent,government does not proceed; relator litigates,usa-pl-99-562-1986,"100 Stat. 3156-3157 (PDF p. 4-5), new 31 U.S.C. 3730(d)(2); sentence runs across the page break",The amount shall be not less than 25 percent and not more than 30 percent of the proceeds of the action or settlement and shall be paid out of such proceeds.,Unchanged in the current Code.
r-188627c241,usa-fca-qui-tam,award_pct_max,1986-10-27,,10,percent,government proceeds and the action is based primarily on publicly disclosed information not provided by the relator,usa-pl-99-562-1986,"100 Stat. 3156 (PDF p. 4), new 31 U.S.C. 3730(d)(1), second sentence","the court may award such sums as it considers appropriate, but in no case more than 10 percent of the proceeds",No minimum in this case.
r-dd07160d3d,usa-fca-qui-tam,award_pct_min,1863-03-02,1943-12-22,50,percent,all successful qui tam suits,usa-crs-r40785-2021,"p. 6 (PDF p. 10), ""Civil War Origins""","The private parties, known as relators, were entitled to half of the penalty recovered and costs, if successful.","Act of March 2, 1863, ch. 67, 12 Stat. 696, sec. 6 (cited by CRS). A fixed half; original 1863 statute text not retrieved (loc.gov blocked scripted download)."
r-3493e2bb05,usa-fca-qui-tam,award_pct_min,1986-10-27,,15,percent,government proceeds with (intervenes in) the action,usa-pl-99-562-1986,"100 Stat. 3156 (PDF p. 4), new 31 U.S.C. 3730(d)(1)","receive at least 15 percent but not more than 25 percent of the proceeds of the action or settlement of the claim, depending upon the extent to which the person substantially contributed to the prosecution of the action.",Unchanged in the current Code: 31 U.S.C. 3730(d)(1) (usa-uscode-31-3730-2023). Court may reduce the share of a relator who planned and initiated the violation (3730(d)(3)).
r-6ce8a347a0,usa-fca-qui-tam,award_pct_min,1986-10-27,,25,percent,government does not proceed; relator litigates,usa-pl-99-562-1986,"100 Stat. 3156-3157 (PDF p. 4-5), new 31 U.S.C. 3730(d)(2); sentence runs across the page break",The amount shall be not less than 25 percent and not more than 30 percent of the proceeds of the action or settlement and shall be paid out of such proceeds.,Unchanged in the current Code: 31 U.S.C. 3730(d)(2).
r-5c585944d0,usa-fca-qui-tam,award_pct_min,1986-10-27,,15,percent,government proceeds (current Code check),usa-uscode-31-3730-2023,31 U.S.C. 3730(d)(1),"such person shall, subject to the second sentence of this paragraph, receive at least 15 percent but not more than 25 percent of the proceeds of the action or settlement of the claim","Same rule as the 1986 row, confirmed in the 2023 edition of the U.S. Code."
r-260798fbb9,usa-fca-qui-tam,award_pct_min,1986-10-27,,25,percent,government does not proceed (current Code check),usa-uscode-31-3730-2023,31 U.S.C. 3730(d)(2),The amount shall be not less than 25 percent and not more than 30 percent of the proceeds of the action or settlement and shall be paid out of such proceeds.,"Same rule as the 1986 row, confirmed in the 2023 edition of the U.S. Code."
r-8255751ffa,usa-fca-qui-tam,discretionary,1986-10-27,,0,flag,successful qui tam actions,usa-uscode-31-3730-2023,31 U.S.C. 3730(d)(1)-(2),"such person shall, subject to the second sentence of this paragraph, receive at least 15 percent","The share is mandatory (""shall receive"") within the statutory range; where in the range is set by agreement or the court. Exceptions: the 10% cap for public-disclosure-based cases, reduction for planners/initiators, and no share for a relator convicted of criminal conduct arising from the violation (3730(d)(3))."
r-02bc40640e,usa-fca-qui-tam,public_disclosure_bar,1943-12-23,1986-10-26,1,flag,suits based on information already in the government's possession,usa-crs-r40785-2021,"p. 8 (PDF p. 12), ""1943 Amendments""",It precluded qui tam suits based on information already within the government’s possession,"Proposed new rule ""public_disclosure_bar"" (1 = a bar exists). 1943 version: ""government knowledge"" bar."
r-5b145af838,usa-fca-qui-tam,public_disclosure_bar,1986-10-27,2010-03-22,1,flag,"suits based on publicly disclosed allegations, unless brought by an original source",usa-pl-99-562-1986,"100 Stat. 3157 (PDF p. 5), new 31 U.S.C. 3730(e)(4)",No court shall have jurisdiction over an action under this section based upon the public disclosure of allegations or transactions,"Proposed new rule. 1986-2010 version was jurisdictional; ""original source"" required ""direct and independent knowledge""."
r-b7581d9e83,usa-fca-qui-tam,public_disclosure_bar,2010-03-23,,1,flag,"suits where substantially the same allegations were publicly disclosed (federal hearings, federal reports, news media), unless the government opposes dismissal or the relator is an original source",usa-uscode-31-3730-2023,"31 U.S.C. 3730(e)(4)(A) and amendment notes (""2010 —Subsec. (e)(4). Pub. L. 111–148 added par. (4)"")","The court shall dismiss an action or claim under this section, unless opposed by the Government, if substantially the same allegations or transactions as alleged in the action or claim were publicly disclosed","Proposed new rule. Changed by the Patient Protection and Affordable Care Act, Pub. L. 111-148, sec. 10104(j)(2), March 23, 2010: no longer jurisdictional, government can oppose dismissal, only federal proceedings/reports count, and ""original source"" redefined (independent knowledge that materially adds)."
r-6ad9f4a974,usa-fincen-aml-wb,anonymous_filing,,,1,,"proposed rule only (NPRM of 1 April 2026), not in force",usa-fincen-wb-nprm-2026,"PDF p. 50 (91 FR 16377), proposed 31 CFR 1010.930(b)(1)(ii)",A whistleblower may submit original information anonymously through an attorney.,Proposed; valid_from left empty until a final rule. The preamble (PDF p. 4) says a Form TCR can also be filed anonymously without an attorney; an anonymous award application requires an attorney.
r-7e4a0c123f,usa-fincen-aml-wb,award_cap,1984-10-12,2020-12-31,25,percent,"net amount of the fine, penalty, or forfeiture collected",usa-uscode-31usc5323-2018,31 U.S.C. 5323(b) (2018 ed.),"The Secretary may not award more than 25 per centum of the net amount of the fine, penalty, or forfeiture collected or $150,000, whichever is less.","Whichever is less of 25 percent or $150,000."
r-9fe3153e7d,usa-fincen-aml-wb,award_cap,1984-10-12,2020-12-31,150000,USD,per reward,usa-uscode-31usc5323-2018,31 U.S.C. 5323(b) (2018 ed.),"The Secretary may not award more than 25 per centum of the net amount of the fine, penalty, or forfeiture collected or $150,000, whichever is less.",
r-62e396b026,usa-fincen-aml-wb,award_pct_max,2021-01-01,2022-12-28,30,percent,collected monetary sanctions in a covered or related action; subject to appropriations,usa-uscode-31usc5323-2021,31 U.S.C. 5323(b)(1) (2021 ed.),"in an aggregate amount equal to not more than 30 percent, in total, of what has been collected of the monetary sanctions imposed in the action or related actions","AML Act of 2020 version: no minimum, and awards 'subject to ... amounts made available in advance by appropriation Acts'. Covered BSA actions only (subchapters II and III of chapter 53)."
r-164e7e305a,usa-fincen-aml-wb,award_pct_max,2022-12-29,,30,percent,collected monetary sanctions in a covered or related action,usa-uscode-31usc5323-2023,31 U.S.C. 5323(b)(1)(B) (2023 ed.),"not more than 30 percent, in total, of what has been collected of the monetary sanctions imposed in the action or related actions",
r-985833f9b6,usa-fincen-aml-wb,award_pct_min,2022-12-29,,10,percent,collected monetary sanctions in a covered or related action,usa-uscode-31usc5323-2023,31 U.S.C. 5323(b)(1)(A) (2023 ed.),"not less than 10 percent, in total, of what has been collected of the monetary sanctions imposed in the action or related actions","Added by the AML Whistleblower Improvement Act (Pub. L. 117-328, 29 Dec 2022), which also extended coverage to sanctions (IEEPA, TWEA) and Kingpin Act violations. FinCEN says it will pay awards only after a final rule (usa-fincen-wb-page-2026)."
r-dfd1f87a84,usa-fincen-aml-wb,discretionary,1984-10-12,2020-12-31,1,,,usa-uscode-31usc5323-2018,31 U.S.C. 5323(a)-(b) (2018 ed.),The Secretary may pay a reward to an individual who provides original information,
r-931627db41,usa-fincen-aml-wb,discretionary,2021-01-01,,1,,amount of award,usa-uscode-31usc5323-2021,31 U.S.C. 5323(c)(1)(A) (2021 ed.),The determination of the amount of an award made under subsection (b) shall be in the discretion of the Secretary.,Payment itself is mandatory ('shall pay') when conditions are met; the amount within the range is discretionary. Same text in the 2023 edition.
r-44422ac853,usa-fincen-aml-wb,filing_deadline_days,,,90,days,proposed rule only: award application after a notice of covered action,usa-fincen-wb-nprm-2026,"PDF p. 51 (91 FR 16378), proposed 31 CFR 1010.930(d)(1)",later than ninety (90) calendar days after the relevant notice of covered action was first published on a Department of the Treasury website,Proposed; not in force.
r-8766e1c059,usa-fincen-aml-wb,fund_deposit_cap,2022-12-29,,300000000,USD,Financial Integrity Fund balance above which sanctions are no longer deposited,usa-uscode-31usc5323-2023,31 U.S.C. 5323(b)(4)(A)(i) (2023 ed.),"unless the balance of the Fund at the time the monetary sanction is collected exceeds $300,000,000",Proposed new rule name 'fund_deposit_cap': the revolving Financial Integrity Fund that pays awards is topped up from collected sanctions only while its balance is at or below $300 million.
r-c0bb827126,usa-fincen-aml-wb,sanctions_threshold,1984-10-12,2020-12-31,50000,USD,"criminal fine, civil penalty or forfeiture recovered",usa-uscode-31usc5323-2018,31 U.S.C. 5323(a) (2018 ed.),"original information which leads to a recovery of a criminal fine, civil penalty, or forfeiture, which exceeds $50,000","Old BSA 'Rewards for informants' section (added by Pub. L. 98-473, 12 Oct 1984), replaced by the AML Act on 1 Jan 2021."
r-58145b48d2,usa-fincen-aml-wb,sanctions_threshold,2021-01-01,2022-12-28,1000000,USD,monetary sanctions in a covered judicial or administrative action (BSA),usa-uscode-31usc5323-2021,31 U.S.C. 5323(a)(1) (2021 ed.),"under this subchapter or subchapter III that results in monetary sanctions exceeding $1,000,000",
r-9b9b339414,usa-fincen-aml-wb,sanctions_threshold,2022-12-29,,1000000,USD,"monetary sanctions in a covered action (BSA, IEEPA, TWEA, Kingpin Act and conspiracies)",usa-uscode-31usc5323-2023,31 U.S.C. 5323(a)(1) (2023 ed.),"and for conspiracies to violate the aforementioned provisions that results in monetary sanctions exceeding $1,000,000",
r-db35e5f1ff,usa-irs-wbo,anonymous_filing,2006-12-20,,0,,section 7623(b)(6)(C): information must be submitted under penalty of perjury,usa-uscode-26usc7623-2023,"PDF p. 2, § 7623(b)(6)(C)",No award may be made under this subsection based on information submitted to the Secretary unless such information is submitted under penalty of perjury.,"Regulations require the whistleblower name on Form 211; anonymous tips go to Form 3949-A with no award (annual-report closure category ""Anonymous Referred to 3949-A Program"")."
r-982db4203b,usa-irs-wbo,anonymous_filing,2014-08-12,,0,,Form 211 must give the whistleblower name and a signed penalty-of-perjury declaration,usa-ecfr-26cfr301-7623-1-2026,§ 301.7623-1(c)(2)-(3),All claims for award under section 7623 and §§ 301.7623-1 through 301.7623-4 must be accompanied by an original signed declaration under penalty of perjury,"Form 211 contents listed include ""(ii) The whistleblower's name""."
r-e383ec92de,usa-irs-wbo,award_cap,1996,2006-12-19,10000000,USD,pre-2006 discretionary policy (P-4-27),usa-irs-wbo-first-report-2008,"printed p. 1 (PDF p. 3), Prior Law and Policy",generally not to exceed $10 million.,The FY2008 report says the cap was waived from time to time under special agreements.
r-61ed22c245,usa-irs-wbo,award_cap,2019-07-01,,200,percent,"section 7623(d)(3): retaliation remedy, back pay multiple",usa-uscode-26usc7623-2023,"PDF p. 3, § 7623(d)(3)(B)(ii)","the sum of 200 percent of the amount of back pay and 100 percent of all lost benefits, with interest",Not an award cap; anti-retaliation remedy. Proposed rule name retaliation_back_pay_pct.
r-cdaba248ef,usa-irs-wbo,award_pct_max,1996,2006-12-19,15,percent,pre-2006 discretionary policy (P-4-27),usa-irs-wbo-first-report-2008,"printed p. 1 (PDF p. 3), Prior Law and Policy","allowed for awards of 1%, 10% or 15% of proceeds, generally not to exceed $10 million.",Valid_from uncertain (see award_pct_min).
r-1371357b93,usa-irs-wbo,award_pct_max,2006-12-20,,30,percent,section 7623(b) mandatory awards,usa-irs-wbo-first-report-2008,"printed p. 2 (PDF p. 4), New Law",at least 15 percent but not more than 30 percent of the collected proceeds,
r-c56bc6a93c,usa-irs-wbo,award_pct_max,2006-12-20,,10,percent,"section 7623(b)(2): cases based principally on public disclosures (hearings, government reports, news media), unless the whistleblower is the original source",usa-irs-wbo-first-report-2008,"printed p. 2 (PDF p. 4), New Law",The maximum award percentage is reduced to 10 percent for cases based principally on specific allegations disclosed in listed information sources,
r-4e89dcdf01,usa-irs-wbo,award_pct_max,2006-12-20,,30,percent,section 7623(b)(1) mandatory award,usa-uscode-26usc7623-2023,"PDF p. 1, § 7623(b)(1)",at least 15 percent but not more than 30 percent of the proceeds collected,Statute text (current).
r-6aaa3a6669,usa-irs-wbo,award_pct_max,2006-12-20,,10,percent,"section 7623(b)(2): action based principally on public disclosures, unless the whistleblower is the original source",usa-uscode-26usc7623-2023,"PDF p. 1, § 7623(b)(2)(A)",but in no case more than 10 percent of the proceeds collected as a result of the action,
r-7c11384917,usa-irs-wbo,award_pct_max,2010-07-01,,30,percent,section 7623(a) claims submitted on or after 1 July 2010 (IRS policy),usa-irs-wbo-ar-fy2010,"PDF p. 9, C. Program Guidance",will be determined using the same criteria and percentages that apply to 7623(b) claims.,Superseded for 7623(a) by the 2014 regulations; check valid_to against 26 CFR 301.7623-4.
r-decd3474b6,usa-irs-wbo,award_pct_max,2014-08-12,,30,percent,all awards under section 7623 for substantial contribution (regulation framework),usa-ecfr-26cfr301-7623-4-2026,§ 301.7623-4(c)(1)(i),receive as an award at least 15 percent but not more than 30 percent of the collected proceeds resulting from the action,
r-ceb188edf5,usa-irs-wbo,award_pct_min,1996,2006-12-19,1,percent,"pre-2006 discretionary policy (IRS Policy Statement P-4-27): award of 1%, 10% or 15% of proceeds",usa-irs-wbo-first-report-2008,"printed p. 1 (PDF p. 3), Prior Law and Policy","allowed for awards of 1%, 10% or 15% of proceeds, generally not to exceed $10 million.","Policy, not statute. Valid_from uncertain: the 1996 amendments moved funding to collected proceeds; the 2004 version of the policy is the most recent cited."
r-6440c9c519,usa-irs-wbo,award_pct_min,2006-12-20,,15,percent,section 7623(b) mandatory awards,usa-irs-wbo-first-report-2008,"printed p. 2 (PDF p. 4), New Law",the whistleblower must receive an award of at least 15 percent but not more than 30 percent of the collected proceeds,Applies to information provided after 19 Dec 2006.
r-352582d990,usa-irs-wbo,award_pct_min,2006-12-20,,15,percent,"section 7623(b)(1) mandatory award; since 2018 of ""proceeds collected ... determined without regard to whether such proceeds are available to the Secretary""",usa-uscode-26usc7623-2023,"PDF p. 1, § 7623(b)(1)",receive as an award at least 15 percent but not more than 30 percent of the proceeds collected as a result of the action,Statute text (current).
r-70aedd5785,usa-irs-wbo,award_pct_min,2010-07-01,,15,percent,section 7623(a) claims submitted on or after 1 July 2010 (IRS policy: same criteria and percentages as 7623(b)),usa-irs-wbo-ar-fy2010,"PDF p. 9, C. Program Guidance","awards paid in section 7623(a) cases submitted on or after July 1, 2010 (those in which the statutory thresholds for 7623(b) claims are not met) will be determined using the same criteria and percentages that apply to 7623(b) claims.",IRM policy for 7623(a). The 2014 final regulations later set 7623(a) awards at up to 15% (see later row).
r-ec33095b4c,usa-irs-wbo,award_pct_min,2014-08-12,,15,percent,all awards under section 7623 (both (a) and (b)) for substantial contribution; analysis starts at 15% and may rise to 22% or 30%,usa-ecfr-26cfr301-7623-4-2026,"§ 301.7623-4(a), (c)(1)(ii)","Starting the analysis at 15 percent, the Whistleblower Office will analyze the administrative claim file using the factors listed in paragraph (b)(1) of this section to determine whether the whistleblower merits an increased award percentage of 22 percent or 30 percent.","Paragraph (a) applies the framework ""For all awards under section 7623"", so 7623(a) awards use the same 15-30% range. We found no current rule capping 7623(a) awards at 15%; that was the pre-2006 policy (P-4-27)."
r-d98f34c1a2,usa-irs-wbo,discretionary,1867,2006-12-19,1,,all awards before the 2006 Act,usa-irs-wbo-first-report-2008,"printed p. 1 (PDF p. 3), Prior Law and Policy","Prior to the 2006 amendments to section 7623, awards to whistleblowers were discretionary",Section 7623(a) discretionary authority continues after 2006 for claims not meeting the 7623(b) thresholds.
r-ccea5fc435,usa-irs-wbo,discretionary,2006-12-20,,0,,"section 7623(b) awards (mandatory, appealable to the Tax Court)",usa-irs-wbo-first-report-2008,"printed p. 2 (PDF p. 4), New Law",Section 7623(b) established a mandatory whistleblower award program,Section 7623(a) awards remain discretionary (separate row).
r-082b2ac84e,usa-irs-wbo,filing_deadline_days,2006-12-20,,30,days,time to appeal a 7623(b) award determination to the Tax Court,usa-irs-wbo-first-report-2008,"printed p. 8 (PDF p. 10), Appendix (section 7623(b)(4))","may, within 30 days of such determination, be appealed to the Tax Court","Appeal deadline, not a claim deadline. Proposed rule name: appeal_deadline_days."
r-96af43fa50,usa-irs-wbo,filing_deadline_days,2019-07-01,,180,days,section 7623(d): deadline to file a retaliation complaint with the Secretary of Labor,usa-uscode-26usc7623-2023,"PDF p. 3, § 7623(d)(2)(B)(iv)",A complaint under subparagraph (A)(i) shall be filed not later than 180 days after the date on which the violation occurs.,Not an award-claim deadline; proposed rule name retaliation_complaint_deadline_days.
r-1cf8619c80,usa-irs-wbo,income_threshold,2006-12-20,,200000,USD,"section 7623(b): if the taxpayer is an individual, gross income must exceed this for at least one year in question",usa-irs-wbo-first-report-2008,"printed p. 2 (PDF p. 4), New Law","in the case of an individual taxpayer, one whose gross income exceeds $200,000 for at least one of the tax years in question",
r-a7d0525454,usa-irs-wbo,income_threshold,2006-12-20,,200000,USD,section 7623(b)(5)(A): individual taxpayer gross income must exceed this in a taxable year subject to the action,usa-uscode-26usc7623-2023,"PDF p. 2, § 7623(b)(5)(A)","only if such individual’s gross income exceeds $200,000 for any taxable year subject to such action",Unchanged since 2006.
r-8ddcfd58c4,usa-irs-wbo,income_threshold,2014-08-12,,200000,USD,regulatory definition (amount in dispute and gross income),usa-ecfr-26cfr301-7623-2-2026,§ 301.7623-2(e)(1),"if the taxpayer is an individual, then only if the taxpayer's gross income exceeds $200,000 in at least one taxable year subject to the action.",
r-5b926c49ea,usa-irs-wbo,sanctions_threshold,2006-12-20,2018-02-08,2000000,USD,"section 7623(b): tax, penalties, interest, additions to tax and additional amounts in dispute must exceed this",usa-irs-wbo-first-report-2008,"printed p. 2 (PDF p. 4), New Law","in which the tax, penalties, interest, additions to tax and additional amounts in dispute exceed $2,000,000","Amount in dispute, not amount collected."
r-a08f516894,usa-irs-wbo,sanctions_threshold,2018-02-09,,2000000,USD,"section 7623(b)(5)(B): ""proceeds in dispute"" must exceed this; proceeds now include non-tax amounts (criminal fines, civil forfeitures, reporting-requirement violations)",usa-irs-wbo-ar-fy2018,"PDF p. 4, Background",The amendment further provided that this definition of proceeds shall be used to determine eligibility for a mandatory award pursuant to IRC § 7623(b)(5)(B),Same dollar amount as before; the base widened. The earlier row (from 2006) should get valid_to 2018-02-08 for its narrower definition.
r-0e0dd26aaa,usa-irs-wbo,sanctions_threshold,2018-02-09,,2000000,USD,section 7623(b)(5)(B) as amended 2018: proceeds in dispute,usa-uscode-26usc7623-2023,"PDF p. 2, § 7623(b)(5)(B)","if the proceeds in dispute exceed $2,000,000.","Wording changed in 2018 (Pub. L. 115-123 § 41108(c)) from ""tax, penalties, interest, additions to tax, and additional amounts"" to ""proceeds""."
r-0eacc33fe8,usa-irs-wbo,sequestration_reduction_pct,2013-03-01,2013-09-30,8.7,percent,award payments made in FY2013,usa-irs-wbo-ar-fy2013,PDF p. 8,the required reductions were 8.7 percent of the amount that would otherwise have been payable.,"Proposed rule name: sequestration_reduction_pct (share cut from each award payment under the Budget Control Act, by fiscal year of payment)."
r-28e0ca16ee,usa-irs-wbo,sequestration_reduction_pct,2013-10-01,2014-09-30,7.2,percent,award payments made in FY2014,usa-irs-wbo-ar-fy2014,PDF p. 24,the required reductions were 7.2 percent of the amount that would otherwise have been payable in FY 2014.,"Proposed rule name: sequestration_reduction_pct (share cut from each award payment under the Budget Control Act, by fiscal year of payment)."
r-fd418aa0cc,usa-irs-wbo,sequestration_reduction_pct,2014-10-01,2015-09-30,7.3,percent,award payments made in FY2015,usa-irs-wbo-ar-fy2015,PDF p. 11,the required reductions were 7.3 percent of the amount that would otherwise have been payable in FY 2015.,"Proposed rule name: sequestration_reduction_pct (share cut from each award payment under the Budget Control Act, by fiscal year of payment)."
r-06c8fb9fde,usa-irs-wbo,sequestration_reduction_pct,2015-10-01,2016-09-30,6.8,percent,award payments made in FY2016,usa-irs-wbo-ar-fy2016,PDF p. 10,the required reductions were 6.8 percent of the amount that would otherwise have been payable in FY 2016.,"Proposed rule name: sequestration_reduction_pct (share cut from each award payment under the Budget Control Act, by fiscal year of payment)."
r-5e64249414,usa-irs-wbo,sequestration_reduction_pct,2016-10-01,2017-09-30,6.9,percent,award payments made in FY2017,usa-irs-wbo-ar-fy2017,PDF p. 9,the required reductions in FY 2017 were 6.9 percent of the amount that would otherwise have been payable.,"Proposed rule name: sequestration_reduction_pct (share cut from each award payment under the Budget Control Act, by fiscal year of payment)."
r-9eec15c955,usa-irs-wbo,sequestration_reduction_pct,2017-10-01,2018-09-30,6.6,percent,award payments made in FY2018,usa-irs-wbo-ar-fy2018,PDF p. 8,the required reductions in FY 2018 were 6.6 percent of the amount that would otherwise have been payable.,"Proposed rule name: sequestration_reduction_pct (share cut from each award payment under the Budget Control Act, by fiscal year of payment)."
r-33518f506f,usa-irs-wbo,sequestration_reduction_pct,2018-10-01,2019-09-30,6.2,percent,award payments made in FY2019,usa-irs-wbo-ar-fy2019,PDF p. 8,the required reductions in FY 2019 were 6.2 percent of the amount that would otherwise have been payable.,"Proposed rule name: sequestration_reduction_pct (share cut from each award payment under the Budget Control Act, by fiscal year of payment)."
r-6059bb80fc,usa-irs-wbo,sequestration_reduction_pct,2019-10-01,2020-09-30,5.9,percent,award payments made in FY2020,usa-irs-wbo-ar-fy2020,PDF p. 8,required reductions in FY 2020 were 5.9 percent of the amount that would otherwise have been payable.,"Proposed rule name: sequestration_reduction_pct (share cut from each award payment under the Budget Control Act, by fiscal year of payment)."
r-bd03d63c49,usa-irs-wbo,sequestration_reduction_pct,2020-10-01,2021-09-30,5.7,percent,award payments made in FY2021,usa-irs-wbo-ar-fy2021,PDF p. 9,required reductions in FY 2021 were 5.7% of the amount that would otherwise have been payable.,"Proposed rule name: sequestration_reduction_pct (share cut from each award payment under the Budget Control Act, by fiscal year of payment)."
r-457d793798,usa-irs-wbo,sequestration_reduction_pct,2021-10-01,2022-09-30,5.7,percent,award payments made in FY2022,usa-irs-wbo-ar-fy2022,PDF p. 19,the required reductions in FY 2022 were 5.7% of the amount that would otherwise have been payable.,"Proposed rule name: sequestration_reduction_pct (share cut from each award payment under the Budget Control Act, by fiscal year of payment)."
r-c850a2ee1e,usa-irs-wbo,sequestration_reduction_pct,2022-10-01,2023-09-30,5.7,percent,award payments made in FY2023,usa-irs-wbo-ar-fy2023,PDF p. 19,the required reductions in FY 2023 were 5.7% of the amount that would otherwise have been payable.,"Proposed rule name: sequestration_reduction_pct (share cut from each award payment under the Budget Control Act, by fiscal year of payment)."
r-04632e3e5c,usa-irs-wbo,sequestration_reduction_pct,2023-10-01,2024-09-30,5.7,percent,award payments made in FY2024,usa-irs-wbo-ar-fy2024,PDF p. 17,the required reductions in FY 2024 were 5.7% of the amount that would otherwise have been payable.,"Proposed rule name: sequestration_reduction_pct (share cut from each award payment under the Budget Control Act, by fiscal year of payment)."
r-7dfa4cb3cf,usa-irs-wbo,sequestration_reduction_pct,2024-10-01,2025-09-30,5.7,percent,award payments made in FY2025,usa-irs-wbo-sequester-notice-fy2025,p. 1,will be reduced by the Fiscal Year 2025 sequestration rate of 5.7%,"Proposed rule name: sequestration_reduction_pct (share cut from each award payment under the Budget Control Act, by fiscal year of payment)."
r-b880469380,usa-nhtsa-wb,anonymous_filing,2025-01-16,,1,,through a legal representative,usa-nhtsa-wb-finalrule-2024,"PDF p. 23 (89 FR 101974), 49 CFR 513.4(c)",A potential whistleblower may provide original information to the Agency anonymously through use of a legal representative.,Rule effective 16 Jan 2025; NHTSA announced it would not enforce it until 20 Mar 2025 (usa-nhtsa-wb-rule-2025).
r-58d006e41b,usa-nhtsa-wb,award_pct_max,2015-12-04,,30,percent,collected monetary sanctions,usa-uscode-49usc30172-2023,49 U.S.C. 30172(b)(1)(B),"not more than 30 percent, in total, of collected monetary sanctions",
r-a9427bb283,usa-nhtsa-wb,award_pct_min,2015-12-04,,10,percent,collected monetary sanctions,usa-uscode-49usc30172-2023,49 U.S.C. 30172(b)(1)(A),"not less than 10 percent, in total, of collected monetary sanctions","Enacted by the FAST Act, Pub. L. 114-94, sec. 24352 (4 Dec 2015)."
r-c45eb16c21,usa-nhtsa-wb,discretionary,2015-12-04,,1,,"whether, to whom and how much (within 10-30 percent)",usa-uscode-49usc30172-2023,49 U.S.C. 30172(c)(1)(A),"The determination of whether, to whom, or in what amount to make an award shall be in the discretion of the Secretary subject to the provisions in subsection (b)(1).",The statute says the Secretary 'may pay' an award.
r-25ac0d3610,usa-nhtsa-wb,filing_deadline_days,2025-01-16,,90,days,claim after a Notice of Covered Action,usa-nhtsa-wb-finalrule-2024,"PDF p. 24 (89 FR 101975), 49 CFR 513.9",A claimant will have ninety (90) days from the date of the Notice of Covered Action to file a claim,
r-88cbe3a74b,usa-nhtsa-wb,sanctions_threshold,2015-12-04,,1000000,USD,monetary sanctions in a covered action (in the aggregate),usa-uscode-49usc30172-2023,49 U.S.C. 30172(a)(1),"brought by the Secretary or the Attorney General under this chapter that in the aggregate results in monetary sanctions exceeding $1,000,000",
r-ba52022a47,usa-nyag-fca,award_cap,,,10,percent,action based primarily on publicly disclosed information (percent of proceeds),usa-nyag-nyfca-text-2018,"p. 7, § 190(6)(a)-(b)","the court may award such sums as it considers appropriate, but in no case more than ten percent of the proceeds",Text as amended through 2018; date the rule took effect not established from this document.
r-f8c23d72cf,usa-nyag-fca,award_pct_max,,,25,percent,attorney general or local government intervenes or converts the action,usa-nyag-nyfca-text-2018,"p. 7, § 190(6)(a)-(b)",the person or persons who initiated the qui tam civil action collectively shall be entitled to receive between fifteen and twenty-five percent of the proceeds recovered in the action or in settlement of the action.,Text as amended through 2018; date the rule took effect not established from this document.
r-affac073a7,usa-nyag-fca,award_pct_max,,,30,percent,state does not intervene and the action succeeds,usa-nyag-nyfca-text-2018,"p. 7, § 190(6)(a)-(b)",the person or persons who initiated the qui tam action which obtains proceeds shall be entitled to receive between twenty-five and thirty percent of the proceeds recovered in the action or settlement of the action.,Text as amended through 2018; date the rule took effect not established from this document.
r-1c9e732e2a,usa-nyag-fca,award_pct_min,,,15,percent,attorney general or local government intervenes or converts the action,usa-nyag-nyfca-text-2018,"p. 7, § 190(6)(a)-(b)",the person or persons who initiated the qui tam civil action collectively shall be entitled to receive between fifteen and twenty-five percent of the proceeds recovered in the action or in settlement of the action.,Text as amended through 2018; date the rule took effect not established from this document.
r-1f75078242,usa-nyag-fca,award_pct_min,,,25,percent,state does not intervene and the action succeeds,usa-nyag-nyfca-text-2018,"p. 7, § 190(6)(a)-(b)",the person or persons who initiated the qui tam action which obtains proceeds shall be entitled to receive between twenty-five and thirty percent of the proceeds recovered in the action or settlement of the action.,Text as amended through 2018; date the rule took effect not established from this document.
r-25d7843075,usa-sec-wb,anonymous_filing,2011-08-12,,1,,"tips may be filed anonymously, but only through an attorney; identity must be disclosed before payment",usa-ecfr-17cfr240-21f-2026,17 CFR 240.21F-7(b),"You may submit information to the Commission anonymously. If you do so, however, you must also do the following:",
r-4f29f0b548,usa-sec-wb,award_pct_max,2010-07-21,,30,percent,"aggregate award, of monetary sanctions collected",usa-uscode-15usc78u-6-2023,15 U.S.C. 78u-6(b)(1)(B),"not more than 30 percent, in total, of what has been collected of the monetary sanctions imposed in the action or related actions",
r-18940133a3,usa-sec-wb,award_pct_max,2010-07-21,,30,percent,monetary sanctions collected in a covered action over $1 million,usa-sec-owb-ar-2011,p. 1,Awards are required to be made in the amount of 10% to 30% of the monetary sanctions collected.,"Statutory, Exchange Act s.21F(b)."
r-98476ed9d4,usa-sec-wb,award_pct_min,2010-07-21,,10,percent,"aggregate award, of monetary sanctions collected in the covered or related action",usa-uscode-15usc78u-6-2023,15 U.S.C. 78u-6(b)(1)(A),"not less than 10 percent, in total, of what has been collected of the monetary sanctions imposed in the action or related actions",Statute as codified (govinfo USCODE 2023 edition).
r-97aded153d,usa-sec-wb,award_pct_min,2010-07-21,,10,percent,monetary sanctions collected in a covered action over $1 million,usa-sec-owb-ar-2011,p. 1,Awards are required to be made in the amount of 10% to 30% of the monetary sanctions collected.,"Statutory, Exchange Act s.21F(b)."
r-a0f8028aa2,usa-sec-wb,award_presumption_max_threshold,2020-12-07,,5000000,USD,presumption of the statutory maximum award where the 30% maximum across covered and related actions is $5 million or less,usa-ecfr-17cfr240-21f-2026,17 CFR 240.21F-6(c)(1)(i),"The statutory maximum award of 30 percent of the monetary sanctions collected in any covered and related action(s), in the aggregate, is $5 million or less","Rule text as in force in 2026 (85 FR 70943, Nov. 5, 2020)."
r-c773952aee,usa-sec-wb,award_presumption_max_threshold,2020-12-07,,5000000,USD,awards where the statutory maximum for the covered and related actions is $5 million or less in aggregate: presumption of the statutory maximum (30%) if no negative factors,usa-sec-owb-ar-2020,p. 33 (printed),"For awards where the statutory maximum award amount for the covered action and any related actions is in the aggregate $5 million or less, newly added Exchange Act Rule 21F-6(c) provides a presumption that the Commission will pay a meritorious claimant the statutory maximum amount",New rule type proposed: award_presumption_max_threshold (presumption of maximum award below a dollar threshold). Rule 21F-6(c).
r-43b14c4b70,usa-sec-wb,discretionary,2010-07-21,,0,,whether an award is paid once criteria are met (the amount within 10-30% is discretionary),usa-sec-owb-ar-2011,p. 1,Awards are required to be made in the amount of 10% to 30% of the monetary sanctions collected.,Awards are mandatory for eligible whistleblowers; the percentage within the range is at the Commission's discretion.
r-1742559900,usa-sec-wb,discretionary,2011-08-12,,1,,amount (percentage within 10-30%) is discretionary,usa-ecfr-17cfr240-21f-2026,17 CFR 240.21F-5(a),The determination of the amount of an award is in the discretion of the Commission.,Amount discretionary; whether an award is owed to an eligible whistleblower is not (see 2010 row).
r-3ee89868a8,usa-sec-wb,filing_deadline_days,2011-08-12,,90,days,claim (Form WB-APP) after posting of the Notice of Covered Action,usa-ecfr-17cfr240-21f-2026,17 CFR 240.21F-10(a),A claimant will have ninety (90) days from the date of the Notice of Covered Action to file a claim for an award,
r-bc90fd6158,usa-sec-wb,filing_deadline_days,2011-08-12,,90,days,time to apply (Form WB-APP) after a Notice of Covered Action is posted,usa-sec-owb-ar-2011,"p. 8, Section V","Once a Notice of Covered Action is posted, individuals have 90 calendar days to apply for an award",
r-d5c1255974,usa-sec-wb,fund_replenishment_threshold,2010-07-21,,300000000,USD,sanctions go to the Investor Protection Fund (rather than Treasury/victims) only while the Fund balance is at or below this level,usa-uscode-15usc78u-6-2023,15 U.S.C. 78u-6(g)(3),"unless the balance of the Fund at the time the monetary sanction is collected exceeds $300,000,000",New rule type proposed: fund_replenishment_threshold.
r-2f816fe058,usa-sec-wb,related_action_other_program_cap,2022-10-03,,5000000,USD,"SEC may pay an award on another agency's related action even if that agency has its own programme, if that programme is not comparable or the total award could not exceed $5 million",usa-sec-owb-ar-2022,p. 4,The Commission will make an award on the other action if the other agency's whistleblower program is not comparable to the Commission's or if the total amount awarded could not exceed $5 million.,"New rule type proposed: related_action_other_program_cap. Report footnote 12: Whistleblower Program Rules, Release No. 34-9560 (Aug. 26, 2022) [as printed], effective October 3, 2022."
r-3e7d94358e,usa-sec-wb,sanctions_threshold,2010-07-21,,1000000,USD,covered judicial or administrative action (must exceed),usa-uscode-15usc78u-6-2023,15 U.S.C. 78u-6(a)(1),"results in monetary sanctions exceeding $1,000,000",
r-943db25f4e,usa-sec-wb,sanctions_threshold,2010-07-21,,1000000,USD,monetary sanctions imposed in the covered action (must exceed),usa-sec-owb-ar-2011,p. 1,"successful Commission enforcement actions resulting in the imposition of monetary sanctions over $1,000,000",
r-d87d46521f,usa-treasury-karrp,annual_award_cap,2021-01-01,2024-01-01,25000000,USD,"all rewards in a calendar year, unless waived by the President",usa-pl-116-283-ndaa-fy2021,"Pub. L. 116-283, sec. 9703(d)(2), 134 Stat. 4835",the total amount of rewards paid pursuant to this section may not exceed $25 million in any calendar year,Proposed new rule name 'annual_award_cap' (programme-wide yearly ceiling).
r-8d3dcbedca,usa-treasury-karrp,award_cap,2021-01-01,2024-01-01,5000000,USD,"per reward, unless the Secretary personally authorizes more and notifies Congress",usa-pl-116-283-ndaa-fy2021,"Pub. L. 116-283, sec. 9703(e)(2), 134 Stat. 4836","No reward paid under this section may exceed $5 million, unless the Secretary",
r-9ce1415f86,usa-treasury-karrp,discretionary,2021-01-01,2024-01-01,1,,,usa-pl-116-283-ndaa-fy2021,"Pub. L. 116-283, sec. 9703(b), 134 Stat. 4834","pay a reward to any individual, if that individual furnishes information leading to","The Secretary 'may' pay, with the concurrence of State and the Attorney General."
r-15d1dcb1a2,usa-wildlife-rewards,discretionary,1983-10-01,,1,,Lacey Act rewards,usa-uscode-16usc3375-2024,16 U.S.C. 3375(d),"The amount of the reward, if any, is to be designated by the Secretary or the Secretary of the Treasury, as appropriate.","No percentage set by law; paid from penalties, fines and forfeitures 'beginning in fiscal year 1983'. Other wildlife laws (e.g. Endangered Species Act) have their own reward clauses, not collected here."
