Area Code,Area Code (M49),Area,Item Code,Item Code (CPC),Item,Element Code,Element,Unit,Y1961,Y1961F,Y1961N,Y1962,Y1962F,Y1962N,Y1963,Y1963F,Y1963N,Y1964,Y1964F,Y1964N,Y1965,Y1965F,Y1965N,Y1966,Y1966F,Y1966N,Y1967,Y1967F,Y1967N,Y1968,Y1968F,Y1968N,Y1969,Y1969F,Y1969N,Y1970,Y1970F,Y1970N,Y1971,Y1971F,Y1971N,Y1972,Y1972F,Y1972N,Y1973,Y1973F,Y1973N,Y1974,Y1974F,Y1974N,Y1975,Y1975F,Y1975N,Y1976,Y1976F,Y1976N,Y1977,Y1977F,Y1977N,Y1978,Y1978F,Y1978N,Y1979,Y1979F,Y1979N,Y1980,Y1980F,Y1980N,Y1981,Y1981F,Y1981N,Y1982,Y1982F,Y1982N,Y1983,Y1983F,Y1983N,Y1984,Y1984F,Y1984N,Y1985,Y1985F,Y1985N,Y1986,Y1986F,Y1986N,Y1987,Y1987F,Y1987N,Y1988,Y1988F,Y1988N,Y1989,Y1989F,Y1989N,Y1990,Y1990F,Y1990N,Y1991,Y1991F,Y1991N,Y1992,Y1992F,Y1992N,Y1993,Y1993F,Y1993N,Y1994,Y1994F,Y1994N,Y1995,Y1995F,Y1995N,Y1996,Y1996F,Y1996N,Y1997,Y1997F,Y1997N,Y1998,Y1998F,Y1998N,Y1999,Y1999F,Y1999N,Y2000,Y2000F,Y2000N,Y2001,Y2001F,Y2001N,Y2002,Y2002F,Y2002N,Y2003,Y2003F,Y2003N,Y2004,Y2004F,Y2004N,Y2005,Y2005F,Y2005N,Y2006,Y2006F,Y2006N,Y2007,Y2007F,Y2007N,Y2008,Y2008F,Y2008N,Y2009,Y2009F,Y2009N,Y2010,Y2010F,Y2010N,Y2011,Y2011F,Y2011N,Y2012,Y2012F,Y2012N,Y2013,Y2013F,Y2013N,Y2014,Y2014F,Y2014N,Y2015,Y2015F,Y2015N,Y2016,Y2016F,Y2016N,Y2017,Y2017F,Y2017N,Y2018,Y2018F,Y2018N,Y2019,Y2019F,Y2019N,Y2020,Y2020F,Y2020N,Y2021,Y2021F,Y2021N,Y2022,Y2022F,Y2022N,Y2023,Y2023F,Y2023N,Y2024,Y2024F,Y2024N
188,'659,Saint Kitts and Nevis,625,'23670.02,"Fruit, nuts, peel, sugar preserved",5610,Import quantity,t,,,,,,,,,,,,,,,,,,,,,,,,,,,,,,,,,,,,,,,,,,,,,,,,,,,,,,,,,,,,,,,,,,,,,,,,,,,,,,,,,,,,,,,,,,,,,,,,,,,,,,,,,,,,,,,,,,,,,,,,,,,,,,,,,,,,,,,,,,,,,,,,,,,,,,,,,,,,,,,,5.620000,X,Estimated data using trading partners database,,,,,,,,,,3.200000,X,Estimated data using trading partners database,3.850000,X,Estimated data using trading partners database,5.020000,X,Estimated data using trading partners database,4.520000,X,Estimated data using trading partners database,4.380000,X,Estimated data using trading partners database,0.890000,X,Estimated data using trading partners database,0.350000,X,Estimated data using trading partners database
188,'659,Saint Kitts and Nevis,625,'23670.02,"Fruit, nuts, peel, sugar preserved",5622,Import value,1000 USD,,,,,,,,,,,,,,,,,,,,,,,,,,,,,,,,,,,,,,,,,,,,,,,,,,,,,,,,,,,,,,,,,,,,,,,,,,,,,,,,,,,,,,,,,,,,,,,,,,,,,,,,,,,,,,,,,,,,,,,,,,,,,,,,,,,,,,,,,,,,,,,,,,,,,,,,,,,,,,,,15.000000,X,Estimated data using trading partners database,,,,,,,,,,15.000000,X,Estimated data using trading partners database,13.000000,X,Estimated data using trading partners database,22.000000,X,Estimated data using trading partners database,19.000000,X,Estimated data using trading partners database,15.000000,X,Estimated data using trading partners database,6.000000,X,Estimated data using trading partners database,2.000000,X,Estimated data using trading partners database
188,'659,Saint Kitts and Nevis,161,'01809,Other sugar crops n.e.c.,5910,Export quantity,t,,,,,,,,,,,,,,,,,,,,,,,,,,,,,,,,,,,,,,,,,,,,,,,,,,,,,,,,,,,,,,,,,,,,,,,,,,,,,,,,,,,,,,,,,,,,,,,,,,,,,,,,,,,,,,,,,,,,,,,,,,,,,,,,,,,,,,,,,,,,,,,,,,,,,,,,,,,,,,,,,,,,,,0.150000,A,,,,,,,,,,,,,,,,,,,,,,,,,
188,'659,Saint Kitts and Nevis,161,'01809,Other sugar crops n.e.c.,5922,Export value,1000 USD,,,,,,,,,,,,,,,,,,,,,,,,,,,,,,,,,,,,,,,,,,,,,,,,,,,,,,,,,,,,,,,,,,,,,,,,,,,,,,,,,,,,,,,,,,,,,,,,,,,,,,,,,,,,,,,,,,,,,,,,,,,,,,,,,,,,,,,,,,,,,,,,,,,,,,,,,,,,,,,,,,,,,,0.000000,A,,,,,,,,,,,,,,,,,,,,,,,,,
188,'659,Saint Kitts and Nevis,162,'2351f,Raw cane or beet sugar (centrifugal only),5610,Import quantity,t,,,,,,,,,,,,,,,,,,,,,,,,,,,,,,,,,,,,,,,,,,,,,,,,,,,,,,,,,,,,,,,,,,,,,,,,,,,,,,,,,,,,,,,,,,,,,,,,,,,,,,,,,,,,,,,,,,,,,,107.000000,A,,68.000000,A,,110.000000,A,,97.000000,A,,425.000000,A,,868.000000,A,,534.000000,A,,951.000000,A,,1377.000000,X,Estimated data using trading partners database,1400.000000,I,,686.000000,X,Estimated data using trading partners database,1062.000000,X,Estimated data using trading partners database,1258.000000,X,Estimated data using trading partners database,337.000000,X,Estimated data using trading partners database,239.410000,X,Estimated data using trading partners database,749.100000,I,,1129.910000,A,,639.720000,A,,885.000000,X,Estimated data using trading partners database,691.100000,X,Estimated data using trading partners database,501.330000,X,Estimated data using trading partners database,302.410000,X,Estimated data using trading partners database,1024.640000,X,Estimated data using trading partners database,25.120000,X,Estimated data using trading partners database,100.000000,X,Estimated data using trading partners database
188,'659,Saint Kitts and Nevis,162,'2351f,Raw cane or beet sugar (centrifugal only),5622,Import value,1000 USD,,,,,,,,,,,,,,,,,,,,,,,,,,,,,,,,,,,,,,,,,,,,,,,,,,,,,,,,,,,,,,,,,,,,,,,,,,,,,,,,,,,,,,,,,,,,,,,,,,,,,,,,,,,,,,,,,,,,,,48.000000,A,,30.000000,A,,42.000000,A,,41.000000,A,,185.000000,A,,424.000000,A,,283.000000,A,,499.000000,A,,2044.000000,X,Estimated data using trading partners database,2050.000000,I,,535.000000,X,Estimated data using trading partners database,800.000000,X,Estimated data using trading partners database,933.000000,X,Estimated data using trading partners database,267.000000,X,Estimated data using trading partners database,171.000000,X,Estimated data using trading partners database,640.000000,A,,882.000000,A,,506.000000,A,,555.000000,E,,427.000000,X,Estimated data using trading partners database,202.000000,X,Estimated data using trading partners database,148.000000,X,Estimated data using trading partners database,847.000000,X,Estimated data using trading partners database,21.000000,X,Estimated data using trading partners database,84.000000,X,Estimated data using trading partners database
188,'659,Saint Kitts and Nevis,162,'2351f,Raw cane or beet sugar (centrifugal only),5910,Export quantity,t,45500.000000,A,,41200.000000,A,,38400.000000,A,,41500.000000,A,,34770.000000,A,,35080.000000,A,,35900.000000,A,,34600.000000,A,,34118.000000,A,,22387.000000,A,,19127.000000,A,,24734.000000,A,,20321.000000,A,,23369.000000,A,,22362.000000,A,,31000.000000,A,,38000.000000,A,,38708.000000,A,,33531.000000,A,,32005.000000,A,,29464.000000,A,,33000.000000,A,,23000.000000,A,,25453.000000,A,,24821.000000,A,,22180.000000,A,,22670.000000,A,,23230.000000,A,,22190.000000,A,,15000.000000,X,Estimated data using trading partners database,19097.000000,A,,27000.000000,X,Estimated data using trading partners database,21000.000000,X,Estimated data using trading partners database,19000.000000,A,,19000.000000,A,,19638.000000,A,,30000.000000,A,,22000.000000,A,,17000.000000,A,,12336.000000,A,,14079.000000,A,,17000.000000,X,Estimated data using trading partners database,13934.000000,A,,25901.000000,A,,11500.000000,X,Estimated data using trading partners database,15.000000,A,,13.000000,A,,0.000000,I,,5.000000,X,Estimated data using trading partners database,5.000000,E,,5.000000,E,,5.000000,E,,0.000000,X,Estimated data using trading partners database,0.010000,X,Estimated data using trading partners database,10.310000,A,,3.780000,A,,31.490000,A,,,,,,,,,,,,,,0.190000,X,Estimated data using trading partners database,,,,,,
188,'659,Saint Kitts and Nevis,162,'2351f,Raw cane or beet sugar (centrifugal only),5922,Export value,1000 USD,5240.000000,A,,4480.000000,A,,4180.000000,X,Estimated data using trading partners database,5180.000000,A,,3900.000000,X,Estimated data using trading partners database,4430.000000,A,,4720.000000,A,,3380.000000,A,,3680.000000,A,,2836.000000,A,,2459.000000,A,,3750.000000,A,,2936.000000,A,,6282.000000,A,,12690.000000,A,,9891.000000,A,,9359.000000,A,,11750.000000,A,,11293.000000,A,,14348.000000,A,,14713.000000,A,,11086.000000,A,,10002.000000,A,,11267.000000,A,,6422.000000,A,,9583.000000,A,,12465.000000,A,,11674.000000,A,,11851.000000,A,,9000.000000,X,Estimated data using trading partners database,9300.000000,A,,13000.000000,X,Estimated data using trading partners database,10500.000000,X,Estimated data using trading partners database,11545.000000,A,,14115.000000,A,,11782.000000,A,,17800.000000,X,Estimated data using trading partners database,12200.000000,X,Estimated data using trading partners database,10000.000000,X,Estimated data using trading partners database,5854.000000,A,,6471.000000,A,,8000.000000,I,,7237.000000,A,,11775.000000,A,,7000.000000,I,,11.000000,A,,10.000000,A,,0.000000,I,,4.000000,X,Estimated data using trading partners database,4.000000,E,,4.000000,E,,4.000000,E,,0.000000,X,Estimated data using trading partners database,0.000000,X,Estimated data using trading partners database,5.000000,A,,4.000000,A,,25.000000,A,,,,,,,,,,,,,,0.000000,X,Estimated data using trading partners database,,,,,,
188,'659,Saint Kitts and Nevis,160,'23530,"Refined cane or beet sugar, in solid form, containing added flavouring or colouring matter; maple sugar and maple syrup",5610,Import quantity,t,,,,,,,,,,,,,,,,,,,,,,,,,,,,,,,,,,,,,,,,,,,,,,,,,,,,,,,,,,,,,,,,,,,,,,,,,,,,,,,,,,,,,,,,,,,,,,,,,,,,,,,,,,,,,,,,,,,,,,,,,,,,,,,,,,,,,,,,,,,,,,,,,,,,,,,,,,,,,,,,,,,,,,,,,,,,1.560000,X,Estimated data using trading partners database,0.630000,X,Estimated data using trading partners database,,,,,,,,,,,,,,,
188,'659,Saint Kitts and Nevis,160,'23530,"Refined cane or beet sugar, in solid form, containing added flavouring or colouring matter; maple sugar and maple syrup",5622,Import value,1000 USD,,,,,,,,,,,,,,,,,,,,,,,,,,,,,,,,,,,,,,,,,,,,,,,,,,,,,,,,,,,,,,,,,,,,,,,,,,,,,,,,,,,,,,,,,,,,,,,,,,,,,,,,,,,,,,,,,,,,,,,,,,,,,,,,,,,,,,,,,,,,,,,,,,,,,,,,,,,,,,,,,,,,,,,,,,,,4.000000,X,Estimated data using trading partners database,5.000000,X,Estimated data using trading partners database,,,,,,,,,,,,,,,
188,'659,Saint Kitts and Nevis,164,'23520,Refined sugar,5610,Import quantity,t,350.000000,I,,350.000000,I,,370.000000,I,,400.000000,A,,400.000000,I,,400.000000,I,,405.000000,A,,510.000000,A,,579.000000,A,,611.000000,A,,618.000000,A,,662.000000,A,,300.000000,I,,186.000000,A,,0.000000,A,,78.000000,A,,0.000000,A,,0.000000,A,,0.000000,A,,0.000000,A,,0.000000,A,,395.000000,A,,260.000000,X,Estimated data using trading partners database,4.000000,A,,183.000000,A,,395.000000,A,,438.000000,A,,120.000000,X,Estimated data using trading partners database,600.000000,X,Estimated data using trading partners database,800.000000,X,Estimated data using trading partners database,1000.000000,X,Estimated data using trading partners database,700.000000,X,Estimated data using trading partners database,900.000000,X,Estimated data using trading partners database,1100.000000,X,Estimated data using trading partners database,1021.000000,A,,1848.000000,A,,1598.000000,A,,1600.000000,X,Estimated data using trading partners database,1200.000000,X,Estimated data using trading partners database,1364.000000,A,,1157.000000,A,,1298.000000,A,,1156.000000,A,,874.000000,A,,1069.000000,A,,1160.000000,A,,1125.000000,A,,141.000000,X,Estimated data using trading partners database,726.000000,X,Estimated data using trading partners database,1212.000000,X,Estimated data using trading partners database,1017.000000,X,Estimated data using trading partners database,960.000000,X,Estimated data using trading partners database,744.000000,X,Estimated data using trading partners database,927.570000,X,Estimated data using trading partners database,926.310000,I,,674.710000,A,,863.280000,A,,875.000000,X,Estimated data using trading partners database,809.980000,X,Estimated data using trading partners database,853.300000,X,Estimated data using trading partners database,594.820000,X,Estimated data using trading partners database,722.250000,X,Estimated data using trading partners database,726.420000,X,Estimated data using trading partners database,965.800000,X,Estimated data using trading partners database
188,'659,Saint Kitts and Nevis,164,'23520,Refined sugar,5622,Import value,1000 USD,85.000000,I,,85.000000,I,,90.000000,I,,102.000000,A,,100.000000,I,,100.000000,I,,102.000000,A,,106.000000,A,,70.000000,A,,89.000000,A,,117.000000,A,,145.000000,A,,146.000000,A,,87.000000,A,,0.000000,A,,40.000000,A,,0.000000,A,,0.000000,A,,0.000000,A,,0.000000,A,,0.000000,A,,239.000000,A,,157.000000,A,,1.000000,A,,58.000000,A,,151.000000,A,,162.000000,A,,50.000000,X,Estimated data using trading partners database,250.000000,X,Estimated data using trading partners database,400.000000,X,Estimated data using trading partners database,450.000000,X,Estimated data using trading partners database,310.000000,X,Estimated data using trading partners database,310.000000,X,Estimated data using trading partners database,400.000000,X,Estimated data using trading partners database,504.000000,A,,1221.000000,A,,810.000000,A,,720.000000,X,Estimated data using trading partners database,480.000000,X,Estimated data using trading partners database,567.000000,A,,449.000000,A,,504.000000,A,,448.000000,A,,342.000000,A,,444.000000,A,,691.000000,A,,720.000000,A,,119.000000,X,Estimated data using trading partners database,446.000000,X,Estimated data using trading partners database,842.000000,X,Estimated data using trading partners database,884.000000,X,Estimated data using trading partners database,735.000000,X,Estimated data using trading partners database,586.000000,X,Estimated data using trading partners database,542.000000,X,Estimated data using trading partners database,556.000000,A,,452.000000,A,,643.000000,A,,559.000000,E,,342.000000,X,Estimated data using trading partners database,384.000000,X,Estimated data using trading partners database,315.000000,X,Estimated data using trading partners database,428.000000,X,Estimated data using trading partners database,557.000000,X,Estimated data using trading partners database,703.000000,X,Estimated data using trading partners database
188,'659,Saint Kitts and Nevis,164,'23520,Refined sugar,5910,Export quantity,t,0.000000,A,,0.000000,A,,0.000000,A,,0.000000,A,,0.000000,A,,0.000000,A,,0.000000,A,,0.000000,A,,0.000000,A,,0.000000,A,,0.000000,A,,0.000000,A,,0.000000,A,,0.000000,A,,0.000000,A,,0.000000,A,,0.000000,A,,0.000000,A,,0.000000,A,,0.000000,A,,0.000000,A,,0.000000,A,,0.000000,A,,2.000000,A,,11.000000,A,,3.000000,A,,1.000000,A,,0.000000,A,,0.000000,A,,0.000000,A,,0.000000,A,,0.000000,A,,0.000000,A,,0.000000,X,Estimated data using trading partners database,0.000000,X,Estimated data using trading partners database,0.000000,E,,0.000000,E,,0.000000,E,,0.000000,E,,0.000000,A,,0.000000,A,,1.000000,A,,0.000000,A,,5.000000,A,,3.000000,A,,2.000000,A,,3.000000,A,,3.000000,X,Estimated data using trading partners database,0.000000,X,Estimated data using trading partners database,0.000000,E,,0.000000,E,,0.000000,E,,25.000000,X,Estimated data using trading partners database,1.500000,X,Estimated data using trading partners database,3.310000,A,,4.760000,A,,31.870000,A,,,,,0.050000,X,Estimated data using trading partners database,,,,,,,0.000000,X,Estimated data using trading partners database,,,,,,
188,'659,Saint Kitts and Nevis,164,'23520,Refined sugar,5922,Export value,1000 USD,0.000000,A,,0.000000,A,,0.000000,A,,0.000000,A,,0.000000,A,,0.000000,A,,0.000000,A,,0.000000,A,,0.000000,A,,0.000000,A,,0.000000,A,,0.000000,A,,0.000000,A,,0.000000,A,,0.000000,A,,0.000000,A,,0.000000,A,,0.000000,A,,0.000000,A,,0.000000,A,,0.000000,A,,0.000000,A,,0.000000,A,,1.000000,A,,5.000000,A,,2.000000,A,,1.000000,A,,0.000000,A,,0.000000,A,,0.000000,A,,0.000000,A,,0.000000,A,,0.000000,A,,0.000000,X,Estimated data using trading partners database,0.000000,X,Estimated data using trading partners database,0.000000,E,,0.000000,E,,0.000000,E,,0.000000,E,,0.000000,A,,0.000000,A,,0.000000,A,,0.000000,A,,3.000000,A,,2.000000,A,,1.000000,A,,3.000000,A,,3.000000,E,,0.000000,X,Estimated data using trading partners database,0.000000,E,,0.000000,E,,0.000000,E,,20.000000,X,Estimated data using trading partners database,0.000000,X,Estimated data using trading partners database,3.000000,A,,3.000000,A,,30.000000,A,,,,,0.000000,X,Estimated data using trading partners database,,,,,,,0.000000,X,Estimated data using trading partners database,,,,,,
188,'659,Saint Kitts and Nevis,167,'23210.04,Sugar and syrups n.e.c.,5610,Import quantity,t,0.000000,A,,0.000000,A,,0.000000,A,,0.000000,A,,0.000000,A,,0.000000,A,,0.000000,A,,0.000000,A,,0.000000,A,,0.000000,A,,0.000000,A,,0.000000,A,,0.000000,A,,0.000000,A,,0.000000,A,,0.000000,A,,0.000000,A,,0.000000,A,,0.000000,A,,0.000000,A,,0.000000,A,,8.000000,A,,2.000000,A,,14.000000,A,,7.000000,A,,11.000000,A,,33.000000,A,,33.000000,I,,33.000000,I,,33.000000,I,,34.000000,X,Estimated data using trading partners database,35.000000,I,,40.000000,I,,50.000000,I,,55.000000,A,,41.000000,A,,19.000000,A,,25.000000,I,,30.000000,I,,28.000000,A,,38.000000,A,,11.000000,A,,12.000000,A,,4.000000,A,,21.000000,X,Estimated data using trading partners database,6.000000,A,,17.000000,A,,24.000000,X,Estimated data using trading partners database,54.000000,X,Estimated data using trading partners database,49.000000,X,Estimated data using trading partners database,105.000000,X,Estimated data using trading partners database,124.000000,X,Estimated data using trading partners database,21.000000,X,Estimated data using trading partners database,21.330000,X,Estimated data using trading partners database,19.740000,A,,12.630000,A,,15.990000,A,,13.970000,X,Estimated data using trading partners database,19.160000,X,Estimated data using trading partners database,61.650000,X,Estimated data using trading partners database,12.780000,X,Estimated data using trading partners database,43.030000,X,Estimated data using trading partners database,11.090000,X,Estimated data using trading partners database,24.270000,X,Estimated data using trading partners database
188,'659,Saint Kitts and Nevis,167,'23210.04,Sugar and syrups n.e.c.,5622,Import value,1000 USD,0.000000,A,,0.000000,A,,0.000000,A,,0.000000,A,,0.000000,A,,0.000000,A,,0.000000,A,,0.000000,A,,0.000000,A,,0.000000,A,,0.000000,A,,0.000000,A,,0.000000,A,,0.000000,A,,0.000000,A,,0.000000,A,,0.000000,A,,0.000000,A,,0.000000,A,,0.000000,A,,0.000000,A,,12.000000,A,,4.000000,A,,17.000000,A,,9.000000,A,,19.000000,A,,30.000000,A,,30.000000,I,,30.000000,I,,30.000000,I,,35.000000,X,Estimated data using trading partners database,35.000000,I,,45.000000,I,,50.000000,I,,53.000000,A,,41.000000,A,,36.000000,A,,40.000000,I,,45.000000,I,,44.000000,A,,64.000000,A,,35.000000,A,,42.000000,A,,16.000000,A,,56.000000,A,,23.000000,A,,31.000000,A,,43.000000,X,Estimated data using trading partners database,47.000000,X,Estimated data using trading partners database,54.000000,X,Estimated data using trading partners database,151.000000,X,Estimated data using trading partners database,129.000000,X,Estimated data using trading partners database,46.000000,X,Estimated data using trading partners database,20.000000,X,Estimated data using trading partners database,51.000000,A,,40.000000,A,,34.000000,A,,34.000000,X,Estimated data using trading partners database,51.000000,X,Estimated data using trading partners database,55.000000,X,Estimated data using trading partners database,33.000000,X,Estimated data using trading partners database,52.000000,X,Estimated data using trading partners database,46.000000,X,Estimated data using trading partners database,107.000000,X,Estimated data using trading partners database
188,'659,Saint Kitts and Nevis,167,'23210.04,Sugar and syrups n.e.c.,5910,Export quantity,t,,,,,,,,,,,,,,,,,,,,,,,,,,,,,,,,,,,,,,,,,,,,,,,,,,,,,,,,,,,,,,,,,,,,,,,,,,,,,,,,,,,,,,,,,,,,,,,,,,,,,,,,,,,,,,,,,,,,,,,,,,,,,,,,,,0.000000,A,,0.000000,E,,0.000000,E,,0.000000,E,,0.000000,E,,0.000000,E,,0.000000,E,,0.000000,E,,0.000000,E,,0.000000,E,,,,,,,,,,,,,,,,,,,,,,,,,,,,,,,,,,
188,'659,Saint Kitts and Nevis,167,'23210.04,Sugar and syrups n.e.c.,5922,Export value,1000 USD,,,,,,,,,,,,,,,,,,,,,,,,,,,,,,,,,,,,,,,,,,,,,,,,,,,,,,,,,,,,,,,,,,,,,,,,,,,,,,,,,,,,,,,,,,,,,,,,,,,,,,,,,,,,,,,,,,,,,,,,,2.000000,A,,2.000000,E,,2.000000,E,,0.000000,A,,0.000000,X,Estimated data using trading partners database,0.000000,E,,0.000000,E,,0.000000,E,,0.000000,E,,0.000000,E,,0.000000,E,,0.000000,E,,0.000000,E,,,,,,,,,,,,,,,,,,,,,,,,,,,,,,,,,,
188,'659,Saint Kitts and Nevis,156,'01802,Sugar cane,5610,Import quantity,t,,,,,,,,,,,,,,,,,,,,,,,,,,,,,,,,,,,,,,,,,,,,,,,,,,,,,,,,,,,,,,,,,,,,,,,,,,,,,,,,,,,,,,,,,,,,,,,,,,,,,,,,,,,,,,,,,,,,,,,,,,,,,,,,,,,,,,,,,,,,,,,,,,,,,,,,,,,,,,,,,,,,,,,,,,,,,,,,,,,,,,,,,,,0.020000,X,Estimated data using trading partners database,,,
188,'659,Saint Kitts and Nevis,156,'01802,Sugar cane,5622,Import value,1000 USD,,,,,,,,,,,,,,,,,,,,,,,,,,,,,,,,,,,,,,,,,,,,,,,,,,,,,,,,,,,,,,,,,,,,,,,,,,,,,,,,,,,,,,,,,,,,,,,,,,,,,,,,,,,,,,,,,,,,,,,,,,,,,,,,,,,,,,,,,,,,,,,,,,,,,,,,,,,,,,,,,,,,,,,,,,,,,,,,,,,,,,,,,,,0.000000,X,Estimated data using trading partners database,,,
188,'659,Saint Kitts and Nevis,168,'23670.01,Sugar confectionery,5610,Import quantity,t,65.000000,I,,65.000000,I,,70.000000,I,,70.000000,I,,70.000000,I,,70.000000,I,,70.000000,A,,55.000000,A,,75.000000,A,,72.000000,A,,72.000000,A,,74.000000,A,,70.000000,A,,70.000000,A,,49.000000,A,,48.000000,A,,53.000000,A,,46.000000,A,,57.000000,A,,57.000000,A,,55.000000,A,,55.000000,A,,50.000000,A,,102.000000,A,,64.000000,A,,64.000000,A,,63.000000,A,,60.000000,I,,50.000000,X,Estimated data using trading partners database,45.000000,X,Estimated data using trading partners database,20.000000,X,Estimated data using trading partners database,30.000000,X,Estimated data using trading partners database,35.000000,X,Estimated data using trading partners database,35.000000,X,Estimated data using trading partners database,88.000000,A,,97.000000,A,,83.000000,A,,70.000000,I,,90.000000,I,,120.000000,A,,128.000000,A,,92.000000,A,,111.000000,A,,83.000000,A,,77.000000,A,,113.000000,A,,122.000000,A,,156.000000,X,Estimated data using trading partners database,167.000000,X,Estimated data using trading partners database,115.000000,X,Estimated data using trading partners database,147.000000,X,Estimated data using trading partners database,56.000000,X,Estimated data using trading partners database,56.000000,X,Estimated data using trading partners database,70.040000,X,Estimated data using trading partners database,126.450000,I,,299.410000,A,,286.480000,A,,90.760000,X,Estimated data using trading partners database,51.040000,X,Estimated data using trading partners database,79.150000,X,Estimated data using trading partners database,49.800000,X,Estimated data using trading partners database,77.510000,X,Estimated data using trading partners database,101.430000,X,Estimated data using trading partners database,70.690000,X,Estimated data using trading partners database
188,'659,Saint Kitts and Nevis,168,'23670.01,Sugar confectionery,5622,Import value,1000 USD,30.000000,I,,30.000000,I,,35.000000,I,,35.000000,I,,38.000000,I,,40.000000,I,,40.000000,I,,31.000000,A,,40.000000,A,,42.000000,A,,54.000000,A,,55.000000,A,,62.000000,A,,70.000000,A,,85.000000,A,,59.000000,A,,71.000000,A,,79.000000,A,,92.000000,A,,123.000000,A,,141.000000,A,,137.000000,A,,115.000000,A,,142.000000,A,,112.000000,A,,140.000000,A,,133.000000,A,,130.000000,I,,120.000000,X,Estimated data using trading partners database,135.000000,X,Estimated data using trading partners database,80.000000,X,Estimated data using trading partners database,90.000000,X,Estimated data using trading partners database,120.000000,X,Estimated data using trading partners database,120.000000,X,Estimated data using trading partners database,301.000000,A,,355.000000,A,,347.000000,A,,280.000000,I,,320.000000,I,,475.000000,A,,405.000000,A,,373.000000,A,,373.000000,A,,351.000000,A,,382.000000,A,,541.000000,A,,493.000000,A,,559.000000,X,Estimated data using trading partners database,774.000000,X,Estimated data using trading partners database,620.000000,X,Estimated data using trading partners database,656.000000,X,Estimated data using trading partners database,178.000000,X,Estimated data using trading partners database,172.000000,X,Estimated data using trading partners database,238.000000,X,Estimated data using trading partners database,609.000000,A,,1145.000000,A,,945.000000,A,,372.000000,X,Estimated data using trading partners database,272.000000,X,Estimated data using trading partners database,358.000000,X,Estimated data using trading partners database,249.000000,X,Estimated data using trading partners database,460.000000,X,Estimated data using trading partners database,486.000000,X,Estimated data using trading partners database,379.000000,X,Estimated data using trading partners database
188,'659,Saint Kitts and Nevis,168,'23670.01,Sugar confectionery,5910,Export quantity,t,,,,,,,,,,,,,,,,,,,,,,,,,,,,,,,,,,,,,,,,,,,,,,,,,,,,,,,,,,,,,,,,,,,,,,,,,,,,,,,,,,,,,,,,,,,,,,,,,,,,,,,,,,,,,,,,,,,,,,,,,,,,,,,,,,,,,,,,0.000000,A,,2.000000,A,,2.000000,E,,2.000000,E,,2.000000,E,,2.000000,E,,0.000000,X,Estimated data using trading partners database,0.000000,X,Estimated data using trading partners database,0.050000,X,Estimated data using trading partners database,2.550000,I,,0.360000,A,,0.090000,A,,0.010000,X,Estimated data using trading partners database,,,,0.000000,X,Estimated data using trading partners database,0.000000,X,Estimated data using trading partners database,0.010000,X,Estimated data using trading partners database,,,,0.000000,X,Estimated data using trading partners database
188,'659,Saint Kitts and Nevis,168,'23670.01,Sugar confectionery,5922,Export value,1000 USD,,,,,,,,,,,,,,,,,,,,,,,,,,,,,,,,,,,,,,,,,,,,,,,,,,,,,,,,,,,,,,,,,,,,,,,,,,,,,,,,,,,,,,,,,,,,,,,,,,,,,,,,,,,,,,,,,,,,,,,,,,,,,,,,,,,,,,,,1.000000,A,,9.000000,A,,9.000000,E,,9.000000,E,,9.000000,E,,9.000000,E,,0.000000,X,Estimated data using trading partners database,0.000000,X,Estimated data using trading partners database,0.000000,X,Estimated data using trading partners database,2.000000,A,,2.000000,A,,1.000000,A,,0.000000,X,Estimated data using trading partners database,,,,0.000000,X,Estimated data using trading partners database,0.000000,X,Estimated data using trading partners database,0.000000,X,Estimated data using trading partners database,,,,0.000000,X,Estimated data using trading partners database
188,'659,Saint Kitts and Nevis,1890,'F1890,Sugar and Honey,5622,Import value,1000 USD,115.000000,E,,115.000000,E,,125.000000,E,,137.000000,E,,138.000000,E,,140.000000,E,,142.000000,E,,137.000000,A,,110.000000,A,,131.000000,A,,171.000000,A,,200.000000,A,,208.000000,A,,157.000000,A,,85.000000,A,,99.000000,A,,71.000000,A,,79.000000,A,,92.000000,A,,123.000000,A,,141.000000,A,,388.000000,A,,276.000000,A,,160.000000,A,,179.000000,A,,310.000000,A,,325.000000,A,,210.000000,E,,400.000000,E,,565.000000,E,,565.000000,X,,435.000000,E,,475.000000,E,,570.000000,E,,858.000000,A,,1617.000000,A,,1193.000000,A,,1040.000000,E,,845.000000,E,,1141.000000,A,,949.000000,A,,955.000000,A,,905.000000,A,,902.000000,A,,1309.000000,A,,1545.000000,A,,1747.000000,A,,2774.000000,X,,3326.000000,E,,2053.000000,X,,2493.000000,E,,1975.200000,E,,1072.000000,E,,989.070000,X,,1866.580000,A,,2556.830000,A,,2167.110000,A,,1560.100000,E,,1144.470000,X,,1081.660000,X,,822.200000,X,,1866.860000,X,,1187.180000,X,,1327.500000,X,
188,'659,Saint Kitts and Nevis,1890,'F1890,Sugar and Honey,5922,Export value,1000 USD,5329.000000,A,,4630.000000,A,,4403.000000,E,,5382.000000,A,,3973.000000,E,,4551.000000,A,,4871.000000,A,,3507.000000,A,,3778.000000,A,,3067.000000,A,,2638.000000,A,,3875.000000,A,,3289.000000,A,,6418.000000,A,,13217.000000,A,,10137.000000,A,,9714.000000,A,,11911.000000,A,,11413.000000,A,,14817.000000,A,,15215.000000,A,,11616.000000,A,,10400.000000,A,,11428.000000,A,,7265.000000,A,,10085.000000,E,,12762.000000,A,,12024.000000,E,,11851.000000,A,,9000.000000,E,,9300.000000,A,,13000.000000,E,,10500.000000,E,,11545.000000,E,,14115.000000,E,,11782.000000,E,,17800.000000,E,,12200.000000,E,,10000.000000,E,,5855.910000,A,,6478.550000,A,,8004.110000,E,,7241.000000,A,,11778.030000,A,,7004.000000,E,,13.000000,A,,22.000000,A,,12.000000,E,,13.000000,E,,13.000000,E,,13.000000,E,,4.010000,E,,20.000000,E,,0.080000,X,,10.510000,A,,9.270000,A,,56.590000,A,,4.200000,X,,0.120000,X,,0.010000,X,,1.770000,X,,0.320000,X,,0.070000,X,,0.020000,X,
188,'659,Saint Kitts and Nevis,1723,'F1723,Sugar Crops Primary,5610,Import quantity,t,,,,,,,,,,,,,,,,,,,,,,,,,,,,,,,,,,,,,,,,,,,,,,,,,,,,,,,,,,,,,,,,,,,,,,,,,,,,,,,,,,,,,,,,,,,,,,,,,,,,,,,,,,,,,,,,,,,,,,,,,,,,,,,0.020000,A,,,,,,,,0.070000,A,,0.170000,A,,440.230000,A,,,,,,,,,,,,,,,,,,,,,,,,,,,,,,,,,,,,,,,,,,,,0.020000,X,,,,
188,'659,Saint Kitts and Nevis,1723,'F1723,Sugar Crops Primary,5622,Import value,1000 USD,,,,,,,,,,,,,,,,,,,,,,,,,,,,,,,,,,,,,,,,,,,,,,,,,,,,,,,,,,,,,,,,,,,,,,,,,,,,,,,,,,,,,,,,,,,,,,,,,,,,,,,,,,,,,,,,,,,,,,,,,,,,,,,0.060000,A,,,,,,,,0.060000,A,,0.240000,A,,25.760000,A,,,,,,,,,,,,,,,,,,,,,,,,,,,,,,,,,,,,,,,,,,,,0.000000,X,,,,
188,'659,Saint Kitts and Nevis,1723,'F1723,Sugar Crops Primary,5910,Export quantity,t,,,,,,,,,,,,,,,,,,,,,,,,,,,,,,,,,,,,,,,,,,,,,,,,,,,,,,,,,,,,,,,,,,,,,,,,,,,,,,,,,,,,,,,,,,,,,,,,,,,,,,,,,,,,,,,,,,,,,,,,,10.000000,A,,0.000000,A,,0.000000,E,,9.000000,X,,0.000000,X,,0.000000,E,,0.000000,A,,0.000000,E,,0.000000,E,,0.000000,E,,0.000000,E,,0.000000,E,,0.000000,E,,,,,,,,0.150000,A,,,,,,,,,,,,,,,,,,,,,,,,,
188,'659,Saint Kitts and Nevis,1723,'F1723,Sugar Crops Primary,5922,Export value,1000 USD,,,,,,,,,,,,,,,,,,,,,,,,,,,,,,,,,,,,,,,,,,,,,,,,,,,,,,,,,,,,,,,,,,,,,,,,,,,,,,,,,,,,,,,,,,,,,,,,,,,,,,,,,,,,,,,,,,,,,,,,,3.000000,A,,0.000000,A,,0.000000,E,,22.000000,X,,0.000000,X,,0.000000,E,,0.000000,A,,0.000000,E,,0.000000,E,,0.000000,E,,0.000000,E,,0.000000,E,,0.000000,E,,,,,,,,0.060000,A,,,,,,,,,,,,,,,,,,,,,,,,,
