table,id,field,value,reason,by
observations,o-74b3b3d6db,status,provisional,FY2026/27 (July 2026-June 2027) was not closed when the source was published (7 Sep 2026); the row's own note says 'Partial year: decisions in July-August 2026 only'. 'actual' is only for a closed period; the US EB-5 part-year rows use 'provisional' for the same situation.,audit 2026-10
observations,o-47d5208ccc,status,provisional,FY2026/27 (July 2026-June 2027) was not closed when the source was published (7 Sep 2026); the row's own note says 'Partial year: decisions in July-August 2026 only'. 'actual' is only for a closed period; the US EB-5 part-year rows use 'provisional' for the same situation.,audit 2026-10
observations,o-7b55648d3a,status,provisional,FY2026/27 (July 2026-June 2027) was not closed when the source was published (7 Sep 2026); the row's own note says 'Partial year: decisions in July-August 2026 only'. 'actual' is only for a closed period; the US EB-5 part-year rows use 'provisional' for the same situation.,audit 2026-10
observations,o-3c836fa0a5,status,provisional,FY2026/27 (July 2026-June 2027) was not closed when the source was published (7 Sep 2026); the row's own note says 'Partial year: decisions in July-August 2026 only'. 'actual' is only for a closed period; the US EB-5 part-year rows use 'provisional' for the same situation.,audit 2026-10
observations,o-241d926b20,status,provisional,FY2026/27 (July 2026-June 2027) was not closed when the source was published (7 Sep 2026); the row's own note says 'Partial year: decisions in July-August 2026 only'. 'actual' is only for a closed period; the US EB-5 part-year rows use 'provisional' for the same situation.,audit 2026-10
observations,o-0570d1fbfb,status,provisional,FY2026/27 (July 2026-June 2027) was not closed when the source was published (7 Sep 2026); the row's own note says 'Partial year: decisions in July-August 2026 only'. 'actual' is only for a closed period; the US EB-5 part-year rows use 'provisional' for the same situation.,audit 2026-10
observations,o-0cbc783d13,status,provisional,FY2026/27 (July 2026-June 2027) was not closed when the source was published (7 Sep 2026); the row's own note says 'Partial year: decisions in July-August 2026 only'. 'actual' is only for a closed period; the US EB-5 part-year rows use 'provisional' for the same situation.,audit 2026-10
observations,o-d5476fd3f7,status,provisional,FY2026/27 (July 2026-June 2027) was not closed when the source was published (7 Sep 2026); the row's own note says 'Partial year: decisions in July-August 2026 only'. 'actual' is only for a closed period; the US EB-5 part-year rows use 'provisional' for the same situation.,audit 2026-10
observations,o-dbd41f6846,status,provisional,FY2026/27 (July 2026-June 2027) was not closed when the source was published (7 Sep 2026); the row's own note says 'Partial year: decisions in July-August 2026 only'. 'actual' is only for a closed period; the US EB-5 part-year rows use 'provisional' for the same situation.,audit 2026-10
observations,o-066e5fa3e3,status,provisional,FY2026/27 (July 2026-June 2027) was not closed when the source was published (7 Sep 2026); the row's own note says 'Partial year: decisions in July-August 2026 only'. 'actual' is only for a closed period; the US EB-5 part-year rows use 'provisional' for the same situation.,audit 2026-10
observations,o-a2a1443f19,status,provisional,FY2026/27 (July 2026-June 2027) was not closed when the source was published (7 Sep 2026); the row's own note says 'Partial year: decisions in July-August 2026 only'. 'actual' is only for a closed period; the US EB-5 part-year rows use 'provisional' for the same situation.,audit 2026-10
observations,o-c39e677b73,status,provisional,FY2026/27 (July 2026-June 2027) was not closed when the source was published (7 Sep 2026); the row's own note says 'Partial year: decisions in July-August 2026 only'. 'actual' is only for a closed period; the US EB-5 part-year rows use 'provisional' for the same situation.,audit 2026-10
observations,o-fc2af1f8ac,status,provisional,FY2026/27 (July 2026-June 2027) was not closed when the source was published (7 Sep 2026); the row's own note says 'Partial year: decisions in July-August 2026 only'. 'actual' is only for a closed period; the US EB-5 part-year rows use 'provisional' for the same situation.,audit 2026-10
observations,o-5e4ef6a404,indicator,cbi_transfers_to_government,"The quote ('€402,823,876 to the Consolidated Fund') is the programme agency's payment to the treasury/government funds, which is the definition of cbi_transfers_to_government ('Money remitted by the CBI unit to the treasury or a government fund'), not revenue as booked in the fiscal accounts. Saint Lucia's identical 'Government distribution - Consolidated Fund' rows (o-5784c86ceb, o-6eb79d2e1a) already use cbi_transfers_to_government; Malta's NDSF share is likewise recorded distributor-side under its own indicator.",audit 2026-10
observations,o-6d1b2f992c,indicator,cbi_transfers_to_government,"The quote ('€19,971,900, the Consolidated Fund') is the programme agency's payment to the treasury/government funds, which is the definition of cbi_transfers_to_government ('Money remitted by the CBI unit to the treasury or a government fund'), not revenue as booked in the fiscal accounts. Saint Lucia's identical 'Government distribution - Consolidated Fund' rows (o-5784c86ceb, o-6eb79d2e1a) already use cbi_transfers_to_government; Malta's NDSF share is likewise recorded distributor-side under its own indicator.",audit 2026-10
observations,o-d8853f4d44,indicator,cbi_transfers_to_government,"The quote ('€83,306,249 the Consolidated Fund') is the programme agency's payment to the treasury/government funds, which is the definition of cbi_transfers_to_government ('Money remitted by the CBI unit to the treasury or a government fund'), not revenue as booked in the fiscal accounts. Saint Lucia's identical 'Government distribution - Consolidated Fund' rows (o-5784c86ceb, o-6eb79d2e1a) already use cbi_transfers_to_government; Malta's NDSF share is likewise recorded distributor-side under its own indicator.",audit 2026-10
observations,o-6b9fa3fd8b,indicator,cbi_transfers_to_government,"The quote ('€68,000,445 the Consolidated Fund') is the programme agency's payment to the treasury/government funds, which is the definition of cbi_transfers_to_government ('Money remitted by the CBI unit to the treasury or a government fund'), not revenue as booked in the fiscal accounts. Saint Lucia's identical 'Government distribution - Consolidated Fund' rows (o-5784c86ceb, o-6eb79d2e1a) already use cbi_transfers_to_government; Malta's NDSF share is likewise recorded distributor-side under its own indicator.",audit 2026-10
observations,o-274c97fb35,indicator,cbi_transfers_to_government,"The quote ('€45,519,300 the Consolidated Fund') is the programme agency's payment to the treasury/government funds, which is the definition of cbi_transfers_to_government ('Money remitted by the CBI unit to the treasury or a government fund'), not revenue as booked in the fiscal accounts. Saint Lucia's identical 'Government distribution - Consolidated Fund' rows (o-5784c86ceb, o-6eb79d2e1a) already use cbi_transfers_to_government; Malta's NDSF share is likewise recorded distributor-side under its own indicator.",audit 2026-10
observations,o-f0cfc24195,indicator,cbi_transfers_to_government,"The quote ('€8,568,000 to the Consolidated Fund') is the programme agency's payment to the treasury/government funds, which is the definition of cbi_transfers_to_government ('Money remitted by the CBI unit to the treasury or a government fund'), not revenue as booked in the fiscal accounts. Saint Lucia's identical 'Government distribution - Consolidated Fund' rows (o-5784c86ceb, o-6eb79d2e1a) already use cbi_transfers_to_government; Malta's NDSF share is likewise recorded distributor-side under its own indicator.",audit 2026-10
observations,o-e602a7cc5e,indicator,cbi_transfers_to_government,"The quote ('€19,023,000 to the Consolidated Fund') is the programme agency's payment to the treasury/government funds, which is the definition of cbi_transfers_to_government ('Money remitted by the CBI unit to the treasury or a government fund'), not revenue as booked in the fiscal accounts. Saint Lucia's identical 'Government distribution - Consolidated Fund' rows (o-5784c86ceb, o-6eb79d2e1a) already use cbi_transfers_to_government; Malta's NDSF share is likewise recorded distributor-side under its own indicator.",audit 2026-10
observations,o-21ec3ea7ed,indicator,cbi_transfers_to_government,"The quote ('€39,168,000 to the Consolidated Fund') is the programme agency's payment to the treasury/government funds, which is the definition of cbi_transfers_to_government ('Money remitted by the CBI unit to the treasury or a government fund'), not revenue as booked in the fiscal accounts. Saint Lucia's identical 'Government distribution - Consolidated Fund' rows (o-5784c86ceb, o-6eb79d2e1a) already use cbi_transfers_to_government; Malta's NDSF share is likewise recorded distributor-side under its own indicator.",audit 2026-10
observations,o-95854f37a3,indicator,cbi_transfers_to_government,"The quote ('€10 million were directed to the consolidated fund') is the programme agency's payment to the treasury/government funds, which is the definition of cbi_transfers_to_government ('Money remitted by the CBI unit to the treasury or a government fund'), not revenue as booked in the fiscal accounts. Saint Lucia's identical 'Government distribution - Consolidated Fund' rows (o-5784c86ceb, o-6eb79d2e1a) already use cbi_transfers_to_government; Malta's NDSF share is likewise recorded distributor-side under its own indicator.",audit 2026-10
observations,o-4544f677c0,indicator,cbi_transfers_to_government,"The quote ('generated €46 million in consolidated funds') is the programme agency's payment to the treasury/government funds, which is the definition of cbi_transfers_to_government ('Money remitted by the CBI unit to the treasury or a government fund'), not revenue as booked in the fiscal accounts. Saint Lucia's identical 'Government distribution - Consolidated Fund' rows (o-5784c86ceb, o-6eb79d2e1a) already use cbi_transfers_to_government; Malta's NDSF share is likewise recorded distributor-side under its own indicator.",audit 2026-10
observations,o-9c9095e437,indicator,cbi_transfers_to_government,"The quote ('generated €51 million for the consolidated fund and in the NDSF') is the programme agency's payment to the treasury/government funds, which is the definition of cbi_transfers_to_government ('Money remitted by the CBI unit to the treasury or a government fund'), not revenue as booked in the fiscal accounts. Saint Lucia's identical 'Government distribution - Consolidated Fund' rows (o-5784c86ceb, o-6eb79d2e1a) already use cbi_transfers_to_government; Malta's NDSF share is likewise recorded distributor-side under its own indicator.",audit 2026-10
observations,o-1cbcb6d6f4,indicator,cbi_transfers_to_government,"The quote ('8. CBI Payments to Treasury') is the programme agency's payment to the treasury/government funds, which is the definition of cbi_transfers_to_government ('Money remitted by the CBI unit to the treasury or a government fund'), not revenue as booked in the fiscal accounts. Saint Lucia's identical 'Government distribution - Consolidated Fund' rows (o-5784c86ceb, o-6eb79d2e1a) already use cbi_transfers_to_government; Malta's NDSF share is likewise recorded distributor-side under its own indicator.",audit 2026-10
observations,o-877fdf4b22,indicator,applicant_nationality_share,"The value is a percentage share ('China 85.7', 'Hong Kong 3.3'; notes: 'Share of SIV primary grants ... percentage of total'), not a count of main applicants. applicant_nationality_share is defined for exactly this (share of approved main applicants by nationality, base stated in notes).",audit 2026-10
observations,o-4099168ebc,indicator,applicant_nationality_share,"The value is a percentage share ('China 85.7', 'Hong Kong 3.3'; notes: 'Share of SIV primary grants ... percentage of total'), not a count of main applicants. applicant_nationality_share is defined for exactly this (share of approved main applicants by nationality, base stated in notes).",audit 2026-10
observations,o-2c5b6afcef,unit,unspecified,"The quote shows only a bare '$' and the row's note says 'currency not stated (likely US$ conversion)'. The brief says never to assume '$' means US dollars; other bare-'$' media rows (Tonga, Comoros revenue, Antigua inflows) use 'unspecified'.",audit 2026-10
observations,o-285c1a84fb,unit,unspecified,"The quote shows only a bare '$' and the row's note says 'currency not stated'. The brief says never to assume '$' means US dollars; other bare-'$' media rows (Tonga, Comoros revenue, Antigua inflows) use 'unspecified'.",audit 2026-10
observations,o-2eafe0350b,unit,unspecified,"The quote shows only a bare '$' and the row's note says 'Currency not stated in the article'. The brief says never to assume '$' means US dollars; other bare-'$' media rows (Tonga, Comoros revenue, Antigua inflows) use 'unspecified'.",audit 2026-10
observations,o-c0cd6772a1,unit,unspecified,"The quote shows only a bare '$' and the row's note says ''$' read as USD ... not explicitly stated'. The brief says never to assume '$' means US dollars; other bare-'$' media rows (Tonga, Comoros revenue, Antigua inflows) use 'unspecified'.",audit 2026-10
observations,o-b54f2fd968,unit,unspecified,"The quote shows only a bare '$' and the quote prints only '$971 million' and nothing in the row confirms US dollars. The brief says never to assume '$' means US dollars; other bare-'$' media rows (Tonga, Comoros revenue, Antigua inflows) use 'unspecified'.",audit 2026-10
observations,o-37b16b4311,unit,unspecified,"The quote shows only a bare '$' and the quote prints only '$1bn' and nothing in the row confirms US dollars. The brief says never to assume '$' means US dollars; other bare-'$' media rows (Tonga, Comoros revenue, Antigua inflows) use 'unspecified'.",audit 2026-10
program_terms,t-98c2cba205,currency,unspecified,"Quote ('two related parties, with a minimum investment of $200,000 each', 2019 regulations) prints only '$'; the row's own note says it could be US$ (marketed as US$200,000 each), and EC$200,000 (about US$74,000) is implausible next to a US$400,000 real-estate minimum. The 2018 education row from the same series (t-fea847c47d) already uses 'unspecified'.",audit 2026-10
program_terms,t-b0445cc8ef,valid_to,2024-07-31,"Open-ended EC$1,080,000 real-estate minimum, but the 2024 regulations replaced it: t-9f8da8a4d9 quotes 'The full purchase price of the real estate shall be at least three hundred thousand (US$300,000.00)' from 1 Aug 2024.",audit 2026-10
program_terms,t-5d502dd722,valid_to,2024-01-24,"2014 schedule (US$100,000 single) is open-ended, but S.R.O. 1 of 2024, gazetted 25 Jan 2024, set new amounts (t-8f3e3a3b6a, valid_from 2024-01-25; then US$200,000 from 28 Jun 2024, t-ca498986c6).",audit 2026-10
program_terms,t-a233fda94a,valid_to,2024-01-24,"2014 real-estate rule is open-ended, but the 2024 regulations restated it (t-31a73db611 from 2024-01-25, t-0c2ddb08dd from 2024-06-28).",audit 2026-10
program_terms,t-75290d5bd3,route,fee_government,"Not an investment minimum: quote '(i) US$25,000 for the main applicant' is the government fee on the real-estate route; the note says 'the investment minimum itself was not changed'. Labelled real_estate it reads as a US$25,000 property price.",audit 2026-10
program_terms,t-13f74c8cdc,route,fee_government,"Quote 'seventy-five thousand United States dollars for the main applicant' is the government fee; the note says 'Fee in addition to the US$200,000 investment'.",audit 2026-10
program_terms,t-28fd2302cc,route,levy,"Quote: 'The levy will be charged at a rate of US$5,000.00 per investor'; the note says 'Not a minimum investment'.",audit 2026-10
program_terms,t-7254398bc4,valid_to,2021-06-30,"Application charge row is open-ended, but the Premium Investor stream closed to new applications from 1 July 2021 (event e-6df2090835, term t-8a1da0eb59 valid_to 2021-06-30; programme ended 2021-06-30).",audit 2026-10
program_terms,t-7dcc680ee5,valid_to,2016-05,Comoros sales were suspended when President Azali took office in May 2016 (event e-5a0fc1779f: 'has suspended citizenship sales since coming to power in May 2016'); the KMF 1 million price row is still open-ended.,audit 2026-10
program_terms,t-8757c1f6aa,valid_to,2016-05,Same reason as t-7dcc680ee5: prices paid for passports under a programme suspended in May 2016 (event e-5a0fc1779f).,audit 2026-10
program_terms,t-f6a6cc91a1,valid_to,2022-12-31,"Overlaps the next row (t-24ae8f56cd, CHF 421,700 valid_from 2023-01-01). Elsewhere valid_to is the last day of validity.",audit 2026-10
program_terms,t-24ae8f56cd,valid_to,2025-12-31,"Overlaps the next row (t-a336fd097b, CHF 435,000, 'in force 1 Jan 2026').",audit 2026-10
events,e-784734a508,category,rule_change,"Programme launched 2009 (programs.launched; RN 84/2009 term t-b36bc285bf). This event is the addition of the real-estate route by RN 36/2018, not the programme's launch.",audit 2026-10
events,e-fa3a0fa82c,category,rule_change,"Programme launched 11 Jul 2007 (event e-a02a37ad3d, programs.launched 2007-07-11). The 24 May 2013 decision set new criteria under art. 111A(2) ('λήφθηκε στις 24.5.2013 η Απόφαση του ΥΣ'); a second 'launch' event for the same programme contradicts the launch date.",audit 2026-10
programs,com-ecp,ended,2016-05,Closure event e-5a0fc1779f: 'has suspended citizenship sales since coming to power in May 2016'.,audit 2026-10
programs,egy-deposit-residence,status,closed,Status vocabulary: every other ended programme uses 'closed'. The notes already say it was repealed by Law 140/2019.,audit 2026-10
program_terms,t-7585397073,_delete,,"Duplicate of a row with the exact start date: Duplicate of t-45af9b2823 (same EUR 60,000 admin fee, same quote). t-45af9b2823's note says it gives the exact start date for this row: published 22 Jul 2025. With valid_from '2025' this row overlaps t-bb9f955eae (EUR 50,000, 1 Jan to 22 Jul 2025). Alternatively mark it superseded by t-45af9b2823.",audit 2026-10
program_terms,t-1997040d49,_delete,,"Duplicate of a row with the exact start date: Duplicate of t-402edb0154 (EUR 37,000 contribution, same quote), whose note says it is the 'Exact start date for t-1997040d49'. As it stands it overlaps the EUR 30,000/60,000 rows valid 1 Jan to 22 Jul 2025 (t-3368afc184, t-4dcdf8ae1d).",audit 2026-10
program_terms,t-d3bca67861,_delete,,"Duplicate of a row with the exact start date: Duplicate of t-3b9ef6b84f (EUR 375,000, same quote), whose note says it is the 'Exact start date (1 Jan 2025, reg. 1(2)) for the row the dataset already has with valid_from 2025 (t-d3bca67861)'.",audit 2026-10
program_terms,t-2209dabf38,_delete,,"Duplicate of a row with the exact start date: Duplicate of t-0165e1528d (EUR 14,000 lease), whose note says it is the 'Exact start date for t-2209dabf38'.",audit 2026-10
program_terms,t-5068ab1cdb,valid_to,2024-12-31,"The EUR 350,000 MPRP purchase threshold has no end date. t-3b9ef6b84f (in force 1 Jan 2025) says the EUR 375,000 rule 'Replaced EUR 350,000 (Malta) / EUR 300,000 (south and Gozo)' and that applications filed before 1 Jan 2025 stay under the old rules.",audit 2026-10
program_terms,t-44fbf87afe,valid_to,2024-12-31,"The EUR 12,000 MPRP lease threshold has no end date. t-0165e1528d (from 1 Jan 2025) says EUR 14,000 'Replaced EUR 12,000 (Malta) / EUR 10,000 (south and Gozo)'.",audit 2026-10
program_terms,t-64b7151ed1,valid_to,2024-12-31,"The EUR 28,000 contribution (owned property) has no end date, but the 2025 rules quoted in t-3368afc184 set 'a contribution of thirty thousand euro (€30,000) ... where the necessary title ... is a qualifying owned property' from 1 Jan 2025.",audit 2026-10
program_terms,t-0a95961a35,valid_to,2024-12-31,"The EUR 58,000 contribution (rented property) has no end date, but t-4dcdf8ae1d quotes the 2025 rules setting EUR 60,000 for rented property from 1 Jan 2025.",audit 2026-10
program_terms,t-f7084a1d8d,valid_to,2024-12-31,"The EUR 40,000 MPRP admin fee has no end date, but t-bb9f955eae quotes the rules in force from 1 Jan 2025 setting 'a non-refundable administration fee in respect of the main applicant of fifty thousand euro (€50,000)'.",audit 2026-10
program_terms,t-5004739fa3,valid_to,2026-01-28,"Website capture of the USD 105,000 single-applicant price has no end date, but the 2024 Schedule it matches (t-eb23d6f895) was replaced on 29 Jan 2026 ('Schedule 1 is deleted and substituted', event e-a91071bb6e) by USD 115,000 (t-0147dd025b).",audit 2026-10
program_terms,t-37b35475e7,valid_to,2023-07-26,"SGF donation row (USD 150,000) is undated and so looks current. t-876430fd1a (S.R.O. 26 of 2023, from 27 Jul 2023) notes 'SISC replaced the SGF', and event e-458e8278e5 ('SISC replaces SGF') is dated 27 Jul 2023. valid_from remains unknown (in force in 2021 per the note).",audit 2026-10
program_terms,t-4fa0f6b9a9,valid_to,2023-07-26,"Family SGF row (USD 195,000), same reason as t-37b35475e7: the SGF was replaced by the SISC from 27 Jul 2023 (t-876430fd1a, e-458e8278e5).",audit 2026-10
events,e-30ededf9ae,category,rule_change,The quote is about a bill: 'le projet de loi tend à abroger le titre de séjour pour investisseur'. The description says it was still in committee in Sep 2026 and the programme is 'active'. Tabling a bill is not a closure (the Moldovan bill event e-af403b05ae uses rule_change).,audit 2026-10
events,e-fb21531ac5,category,rule_change,"The quote records a decision to abolish ('Het kabinet heeft dan ook besloten om deze regeling af te schaffen'), not the end; the scheme actually ended on 17 Apr 2024 (e-3af853fb2a, programs.ended).",audit 2026-10
events,e-17b442559d,category,rule_change,The quote says the government decided to freeze the programme temporarily ('membekukan Program MM2H buat sementara waktu'); it reopened in Oct 2021 and programs.csv has status active with no end date.,audit 2026-10
program_terms,t-0fb17c5835,currency,unspecified,"The quote gives only '$' ('an investor has to pay a $40,000 fee and invest $260,000'), so the currency is unknown. Five other rows with the same situation (atg-cbi, blz-ecp, ton-passport-sales) use the code 'unspecified'; one code for 'currency not stated' keeps the column machine-readable. The 'currency not stated' explanation can stay in notes.",audit 2026-10
program_terms,t-432ab22ab3,currency,unspecified,"The quote gives only '$' ('a non-refundable fee of $40,500'), so the currency is unknown. Five other rows with the same situation (atg-cbi, blz-ecp, ton-passport-sales) use the code 'unspecified'; one code for 'currency not stated' keeps the column machine-readable. The 'currency not stated' explanation can stay in notes.",audit 2026-10
program_terms,t-999e822a7f,currency,unspecified,"The quote gives only '$' ('priced at $162,000'), so the currency is unknown. Five other rows with the same situation (atg-cbi, blz-ecp, ton-passport-sales) use the code 'unspecified'; one code for 'currency not stated' keeps the column machine-readable. The 'currency not stated' explanation can stay in notes.",audit 2026-10
program_terms,t-306f4fa48a,valid_to,2024-07-31,"Replaced by the Citizenship by Investment (Amendment) Regulations 2024, which ended all earlier amounts on 31 Jul 2024 (reg. 7(2), see t-d857fa8672 and t-fb4f5962fd).",audit 2026-10 (contradictions)
program_terms,t-ca6b40fea3,valid_to,2024-07-31,"Replaced by the Citizenship by Investment (Amendment) Regulations 2024, which ended all earlier amounts on 31 Jul 2024 (reg. 7(2), see t-d857fa8672 and t-fb4f5962fd).",audit 2026-10 (contradictions)
program_terms,t-f401b6a7ce,valid_to,2024-06-27,"IMF description of the US$100,000 fund contribution; S.R.O. 8 of 2024 doubled it to US$200,000 from 28 Jun 2024 (t-ca498986c6).",audit 2026-10 (contradictions)
program_terms,t-0fe3ee8236,valid_to,2024-06-27,"IMF description of the US$100,000 fund contribution; S.R.O. 8 of 2024 doubled it to US$200,000 from 28 Jun 2024 (t-ca498986c6).",audit 2026-10 (contradictions)
program_terms,t-d2fbafe7c0,valid_to,2024-05,"No longer the amount by May 2024 at the latest: the official snapshot of 19 May 2024 gives US$150,000 (t-3c00a0005e). The exact date of the change is not documented.",audit 2026-10 (contradictions)
program_terms,t-5c56bfa09b,valid_to,2024-06-30,Replaced at the latest by S.R.O. 12/15 of 2024 from 1 Jul 2024 (t-81658909f7). An earlier change date is not documented.,audit 2026-10 (contradictions)
program_terms,t-9975964d3b,valid_to,2024-06-30,Replaced at the latest by S.R.O. 12/15 of 2024 from 1 Jul 2024 (t-81658909f7). An earlier change date is not documented.,audit 2026-10 (contradictions)
program_terms,t-15127d4ead,valid_to,2023-07-26,"Sugar Industry Diversification Foundation amounts; every donation route was replaced by the Sustainable Island State Contribution from 27 Jul 2023 (S.R.O. 26 of 2023, t-876430fd1a). An earlier change date is not documented.",audit 2026-10 (contradictions)
program_terms,t-5ff3596510,valid_to,2023-07-26,"Sugar Industry Diversification Foundation amounts; every donation route was replaced by the Sustainable Island State Contribution from 27 Jul 2023 (S.R.O. 26 of 2023, t-876430fd1a). An earlier change date is not documented.",audit 2026-10 (contradictions)
program_terms,t-bb772bae96,valid_to,2023-07-26,"Sugar Industry Diversification Foundation amounts; every donation route was replaced by the Sustainable Island State Contribution from 27 Jul 2023 (S.R.O. 26 of 2023, t-876430fd1a). An earlier change date is not documented.",audit 2026-10 (contradictions)
program_terms,t-b0f22cc0f9,valid_to,2022-12-31,"Replaced at the latest by the single US$200,000 real-estate minimum in force from 1 Jan 2023 (t-34b419ac49).",audit 2026-10 (contradictions)
program_terms,t-6ae7dff680,valid_to,2022-12-31,"Replaced at the latest by the single US$200,000 real-estate minimum in force from 1 Jan 2023 (t-34b419ac49).",audit 2026-10 (contradictions)
program_terms,t-888ac2109f,valid_to,2022-12-31,"Replaced at the latest by the single US$200,000 real-estate minimum in force from 1 Jan 2023 (t-34b419ac49).",audit 2026-10 (contradictions)
program_terms,t-70f932f1cf,valid_to,2022-12-31,"Replaced at the latest by the single US$200,000 real-estate minimum in force from 1 Jan 2023 (t-34b419ac49).",audit 2026-10 (contradictions)
observations,o-2610ed79a7,value,1,"Home Affairs masks counts of one to four as ""<5"" and prints true zeros as 0, so a masked cell is between 1 and 4, not 0 to 5.",audit 2026-10 (contradictions)
observations,o-2610ed79a7,value_high,4,See value.,audit 2026-10 (contradictions)
observations,o-417c551d23,value,1,"Home Affairs masks counts of one to four as ""<5"" and prints true zeros as 0, so a masked cell is between 1 and 4, not 0 to 5.",audit 2026-10 (contradictions)
observations,o-417c551d23,value_high,4,See value.,audit 2026-10 (contradictions)
observations,o-8768744b71,value,1,"Home Affairs masks counts of one to four as ""<5"" and prints true zeros as 0, so a masked cell is between 1 and 4, not 0 to 5.",audit 2026-10 (contradictions)
observations,o-8768744b71,value_high,4,See value.,audit 2026-10 (contradictions)
observations,o-e22a814252,value,1,"Home Affairs masks counts of one to four as ""<5"" and prints true zeros as 0, so a masked cell is between 1 and 4, not 0 to 5.",audit 2026-10 (contradictions)
observations,o-e22a814252,value_high,4,See value.,audit 2026-10 (contradictions)
observations,o-f23f79910a,value,1,"Home Affairs masks counts of one to four as ""<5"" and prints true zeros as 0, so a masked cell is between 1 and 4, not 0 to 5.",audit 2026-10 (contradictions)
observations,o-f23f79910a,value_high,4,See value.,audit 2026-10 (contradictions)
observations,o-fa80d86e9c,value,1,"Home Affairs masks counts of one to four as ""<5"" and prints true zeros as 0, so a masked cell is between 1 and 4, not 0 to 5.",audit 2026-10 (contradictions)
observations,o-fa80d86e9c,value_high,4,See value.,audit 2026-10 (contradictions)
observations,o-c02b094fe3,value,1,"Home Affairs masks counts of one to four as ""<5"" and prints true zeros as 0, so a masked cell is between 1 and 4, not 0 to 5.",audit 2026-10 (contradictions)
observations,o-c02b094fe3,value_high,4,See value.,audit 2026-10 (contradictions)
observations,o-8914bd6a7e,value,1,"Home Affairs masks counts of one to four as ""<5"" and prints true zeros as 0, so a masked cell is between 1 and 4, not 0 to 5.",audit 2026-10 (contradictions)
observations,o-8914bd6a7e,value_high,4,See value.,audit 2026-10 (contradictions)
observations,o-3aac5f25fb,status,projection,"The quote is an expectation (""expects to collect""), not money collected; passed on by the press.",audit 2026-10 (contradictions)
observations,o-82119659e1,status,budget,"A budget projection passed on by the press, not an outturn.",audit 2026-10 (contradictions)
events,e-5e57aff286,program_id,mlt-mec,"The Court of Justice ruling (C-181/23) concerned the 2020 scheme for exceptional services by direct investment, which is mlt-mec; ""mlt-cbi"" is not a programme id.",audit 2026-10 (contradictions)
events,e-2eb406bc82,category,rule_change,Only the Regional Center Program lapsed on 30 Jun 2021; EB-5 itself stayed open.,audit 2026-10 (contradictions)
events,e-c24c6a2af8,category,rule_change,Signing the regional memorandum (3 Jun 2024); prices changed on 1 Jul 2024 (e-81e6e3b418).,audit 2026-10 (contradictions)
events,e-53de91ae50,category,legal,The 2016 regulations created the legal basis; the programme took applications from 2017 (programs.launched 2017-03).,audit 2026-10 (contradictions)
programs,tha-privilege,launched,,The 2003 date was from general knowledge and not backed by any document in the data.,audit 2026-10 (contradictions)
programs,cpv-investor-citizenship,status,not_operational,A legal route with no law setting amounts and no operating programme (programme notes).,audit 2026-10 (contradictions)
programs,png-investor-naturalisation,status,not_operational,"Discretionary power in law, no priced or operating programme (programme notes).",audit 2026-10 (contradictions)
programs,mus-investor-naturalisation,status,not_operational,"Discretionary power in law, not a priced programme (programme notes).",audit 2026-10 (contradictions)
programs,esp-golden-visa,ended,2025-04-02,ended is the last day new applications were accepted (DATA_MODEL.md); the repeal took effect on 3 Apr 2025.,audit 2026-10 (contradictions)
programs,cyp-cip,ended,2020-10-31,ended is the last day new applications were accepted (DATA_MODEL.md); applications were taken until 31 Oct 2020.,audit 2026-10 (contradictions)
indicators,rbi_investment_total,definition,"Total qualifying investment made, or committed under approved applications, by investors admitted through a residence- or citizenship-by-investment programme in a period, as the source defines it (property, funds, deposits, business). Notes say which.",Several official series (e.g. Ireland IIP) count investment in approved applications rather than money transferred.,audit 2026-10 (contradictions)
sources,intl-fatf-oecd-cbi-rbi-2023,notes,"fatf-gafi.org and oecd.org block scripted downloads; the stored PDF is the identical official file (ISBN 9789264853775, created 21 Nov 2023) as mirrored by the Bank of Russia at https://www.cbr.ru/Content/Document/File/156566/MCR.PDF. The report carries ""All rights reserved""; check before republishing the raw file. Few numbers; mostly case studies. Not published in this repository because of the rights notice; kept locally for checking quotes.","The report says ""All rights reserved"".",session B merge
observations,o-521026aa9b,period,2019-01/2021-03-15,"The table in the May 2021 report is a snapshot ""Na dan 15.03.2021. godine"" (footnote 1, p. 5); seen on the page and noted by the second reader.",session B checks
observations,o-adb163d987,period,2019-01/2021-03-15,"The table in the May 2021 report is a snapshot ""Na dan 15.03.2021. godine"" (footnote 1, p. 5); seen on the page and noted by the second reader.",session B checks
observations,o-1006baafe0,period,2019-01/2021-03-15,"The table in the May 2021 report is a snapshot ""Na dan 15.03.2021. godine"" (footnote 1, p. 5); seen on the page and noted by the second reader.",session B checks
